reference	canon_var1	canon_var2	cond	#samples	odds	consistent	avg_odds
Homo_sapiens_tRNA-Leu-TAG-2	26	58	msrseq	1	[0.33381585]	True	0.3338158521867023
Homo_sapiens_tRNA-Leu-TAG-2	26	37	dmseq-untreated	1	[2.55561499]	True	2.55561498592612
Homo_sapiens_tRNA-Leu-TAG-2	34	37	dmseq-untreated	1	[-4.71677118]	True	-4.716771181756526
Homo_sapiens_tRNA-Leu-TAG-2	26	34	dmseq-alkb	2	[0.95962222 0.6522831 ]	True	0.8059526620206532
Homo_sapiens_tRNA-Leu-TAG-2	26	37	dmseq-alkb	2	[-0.9200447  -1.07068772]	True	-0.9953662059268871
Homo_sapiens_tRNA-Leu-TAG-2	34	37	dmseq-alkb	3	[-5.10586635 -4.63926213 -3.61853156]	True	-4.454553344551889
Homo_sapiens_tRNA-Ala-TGC-5	20	25	quantm	2	[3.71203016 3.55058034]	True	3.6313052491562257
Homo_sapiens_tRNA-Ala-TGC-5	37	60	quantm	1	[-0.73120841]	True	-0.7312084079835555
Homo_sapiens_tRNA-Ala-TGC-5	20	25	msrseq	3	[2.13699838 2.04481068 2.11714719]	True	2.0996520805186876
Homo_sapiens_tRNA-Ala-TGC-5	20	58	msrseq	2	[0.27650673 0.28858703]	True	0.28254687935925915
Homo_sapiens_tRNA-Ala-TGC-5	37	58	msrseq	1	[0.35039877]	True	0.3503987714872519
Homo_sapiens_tRNA-Ala-TGC-5	20	37	msrseq	1	[0.47828706]	True	0.47828706085579875
Homo_sapiens_tRNA-Ala-TGC-5	25	58	msrseq	1	[-0.20020757]	True	-0.20020756837835496
Homo_sapiens_tRNA-Ala-TGC-5	37	58	dmseq-untreated	1	[-1.86063613]	True	-1.8606361342245372
Homo_sapiens_tRNA-Ala-TGC-5	20	24	dmseq-alkb	3	[0.91399965 0.88335325 0.59070755]	True	0.7960201515285679
Homo_sapiens_tRNA-Ala-TGC-5	20	37	dmseq-alkb	1	[2.46918221]	True	2.469182212454433
Homo_sapiens_tRNA-Ala-CGC-4	20	26	mimseq	2	[2.59089742 2.59456144]	True	2.592729431746286
Homo_sapiens_tRNA-Ala-CGC-4	20	25	quantm	2	[5.78958986 5.86850228]	True	5.829046066288729
Homo_sapiens_tRNA-Ala-CGC-4	20	26	quantm	2	[-1.67635076 -1.62202287]	True	-1.649186814368489
Homo_sapiens_tRNA-Ala-CGC-4	25	26	quantm	2	[-4.8208189  -4.36210162]	True	-4.5914602598113605
Homo_sapiens_tRNA-Ala-CGC-4	25	37	quantm	2	[-0.43546652 -0.55018764]	True	-0.4928270821064278
Homo_sapiens_tRNA-Ala-CGC-4	20	25	msrseq	3	[2.94001225 3.08749247 3.17506216]	True	3.0675222931220265
Homo_sapiens_tRNA-Ala-CGC-4	20	26	msrseq	2	[-0.20009353 -0.20653925]	True	-0.20331638704739718
Homo_sapiens_tRNA-Ala-CGC-4	25	26	msrseq	3	[-1.27647505 -1.476926   -1.30732449]	True	-1.353575177278395
Homo_sapiens_tRNA-Ala-CGC-4	26	37	msrseq	1	[0.49199418]	True	0.4919941822408223
Homo_sapiens_tRNA-Ala-CGC-4	20	26	dmseq-untreated	3	[4.18428312 2.76226703 2.9526326 ]	True	3.2997275858515986
Homo_sapiens_tRNA-Ala-CGC-4	26	58	dmseq-untreated	3	[1.51760826 1.81096618 1.23717624]	True	1.5219168919833017
Homo_sapiens_tRNA-Ala-CGC-4	20	26	dmseq-alkb	3	[1.39378246 1.19264508 1.04805601]	True	1.2114945152437622
Homo_sapiens_tRNA-Ala-CGC-4	20	37	dmseq-alkb	2	[2.53394339 1.99996372]	True	2.2669535549683753
Homo_sapiens_tRNA-Ala-CGC-4	26	46	dmseq-alkb	3	[-1.27496727 -1.4973701  -1.38987186]	True	-1.3874030781594262
Homo_sapiens_tRNA-Ala-CGC-4	26	58	dmseq-alkb	2	[0.58191544 0.94608671]	True	0.7640010781178768
Homo_sapiens_tRNA-Ala-CGC-4	46	58	dmseq-alkb	1	[-1.06361543]	True	-1.0636154263295232
Homo_sapiens_tRNA-Ala-CGC-4	26	37	dmseq-alkb	1	[1.98282837]	True	1.9828283730052607
Homo_sapiens_tRNA-Val-AAC-2	26	34	mimseq	2	[0.68369465 0.734049  ]	True	0.7088718289540721
Homo_sapiens_tRNA-Val-AAC-2	34	58	mimseq	2	[-0.21181395 -0.20926596]	True	-0.2105399574333165
Homo_sapiens_tRNA-Val-AAC-2	26	34	dmseq-untreated	3	[1.44025074 1.48631924 1.50208021]	True	1.476216730915256
Homo_sapiens_tRNA-Val-AAC-2	34	58	dmseq-untreated	3	[-0.1667422  -0.23427403 -0.25755625]	True	-0.21952415923212332
Homo_sapiens_tRNA-Val-AAC-2	26	34	dmseq-alkb	3	[0.94176871 0.96623798 0.86737433]	True	0.9251270042190942
Homo_sapiens_tRNA-Thr-TGT-1	20a	32	mimseq	2	[0.22841739 0.19987669]	True	0.21414703952620326
Homo_sapiens_tRNA-Thr-TGT-1	26	32	mimseq	1	[1.32608788]	True	1.3260878781766634
Homo_sapiens_tRNA-Thr-TGT-1	20a	32	quantm	1	[3.25633975]	True	3.2563397532597858
Homo_sapiens_tRNA-Thr-TGT-1	20a	26	quantm	1	[-2.15826208]	True	-2.1582620839167324
Homo_sapiens_tRNA-Thr-TGT-1	20	32	msrseq	3	[2.95735566 3.12432814 3.22299142]	True	3.1015584068029747
Homo_sapiens_tRNA-Thr-TGT-1	20a	26	msrseq	2	[-1.54464234 -1.35049725]	True	-1.4475697949580808
Homo_sapiens_tRNA-Thr-TGT-1	20a	32	msrseq	3	[3.86440549 4.66219368 4.99923422]	True	4.5086111296781715
Homo_sapiens_tRNA-Thr-TGT-1	20	20a	msrseq	1	[5.16017702]	True	5.16017702489075
Homo_sapiens_tRNA-Thr-TGT-1	26	58	msrseq	1	[-1.21633169]	True	-1.2163316920751275
Homo_sapiens_tRNA-Thr-TGT-1	9	32	msrseq	1	[-4.30742853]	True	-4.307428525192248
Homo_sapiens_tRNA-Thr-TGT-1	20	58	msrseq	1	[-2.98935276]	True	-2.9893527558004918
Homo_sapiens_tRNA-Thr-TGT-1	9	26	dmseq-untreated	2	[5.36194377 2.83399005]	True	4.097966911148156
Homo_sapiens_tRNA-Thr-TGT-1	9	32	dmseq-untreated	2	[1.49783896 1.3301486 ]	True	1.4139937824258255
Homo_sapiens_tRNA-Thr-TGT-1	20a	32	dmseq-untreated	2	[0.31050902 0.31133976]	True	0.3109243906423417
Homo_sapiens_tRNA-Thr-TGT-1	26	32	dmseq-untreated	3	[3.60701082 3.33910161 3.36095313]	True	3.4356885200451255
Homo_sapiens_tRNA-Thr-TGT-1	26	58	dmseq-untreated	3	[4.38195642 3.80570927 4.0486332 ]	True	4.078766295469254
Homo_sapiens_tRNA-Thr-TGT-1	32	58	dmseq-untreated	3	[0.76595267 0.81001624 0.65947708]	True	0.7451486645874089
Homo_sapiens_tRNA-Thr-TGT-1	9	26	dmseq-alkb	3	[3.23730664 3.28590578 3.0999497 ]	True	3.207720702762963
Homo_sapiens_tRNA-Thr-TGT-1	9	58	dmseq-alkb	3	[2.21929052 1.96334249 2.08795857]	True	2.0901971928702747
Homo_sapiens_tRNA-Thr-TGT-1	26	58	dmseq-alkb	3	[2.86360592 3.1416281  3.17779334]	True	3.0610091177647125
Homo_sapiens_tRNA-Thr-TGT-1	9	20a	dmseq-alkb	1	[0.49310405]	True	0.4931040534320781
Homo_sapiens_tRNA-Arg-TCG-5	7	9	mimseq	2	[-0.51302062 -0.55435273]	True	-0.5336866750947662
Homo_sapiens_tRNA-Arg-TCG-5	7	9	quantm	2	[-2.42300507 -1.36437684]	True	-1.8936909510985198
Homo_sapiens_tRNA-Arg-TCG-5	7	9	msrseq	2	[-0.37908909 -0.5903337 ]	True	-0.48471139185850165
Homo_sapiens_tRNA-Arg-TCG-5	26	37	msrseq	1	[-0.64045852]	True	-0.6404585172030348
Homo_sapiens_tRNA-Arg-TCG-5	37	58	msrseq	2	[0.17761372 0.29341581]	True	0.2355147680110875
Homo_sapiens_tRNA-Arg-TCG-5	7	26	msrseq	1	[0.4891428]	True	0.4891428048156265
Homo_sapiens_tRNA-Arg-TCG-5	26	58	msrseq	1	[0.6421533]	True	0.6421532971803219
Homo_sapiens_tRNA-Arg-TCG-5	7	58	msrseq	1	[-0.78901588]	True	-0.7890158786075162
Homo_sapiens_tRNA-Arg-TCG-5	7	9	dmseq-untreated	1	[-1.68633952]	True	-1.6863395210962382
Homo_sapiens_tRNA-Arg-TCG-5	26	37	dmseq-untreated	1	[3.54988657]	True	3.549886569582801
Homo_sapiens_tRNA-Arg-TCG-5	37	58	dmseq-untreated	3	[3.1316706  1.71508248 1.99869614]	True	2.2818164031729204
Homo_sapiens_tRNA-Arg-TCG-5	26	58	dmseq-untreated	1	[2.20907887]	True	2.2090788659068537
Homo_sapiens_tRNA-Arg-TCG-5	9	26	dmseq-alkb	3	[1.61699049 2.42755011 2.28874537]	True	2.1110953236948675
Homo_sapiens_tRNA-Arg-TCG-5	9	37	dmseq-alkb	3	[-0.97440477 -0.93198158 -1.06205375]	True	-0.9894800331048933
Homo_sapiens_tRNA-Arg-TCG-5	7	9	dmseq-alkb	1	[-0.70793942]	True	-0.7079394180158083
Homo_sapiens_tRNA-Leu-CAA-3	37	58	dmseq-untreated	3	[0.54045114 0.43038379 0.39874652]	True	0.4565271508727702
Homo_sapiens_tRNA-Leu-CAA-3	26	58	dmseq-untreated	1	[1.18821531]	True	1.1882153060183602
Homo_sapiens_tRNA-Leu-CAA-3	26	37	dmseq-alkb	3	[1.02336045 0.65713754 0.763656  ]	True	0.8147180004792326
Homo_sapiens_tRNA-Leu-CAA-3	26	58	dmseq-alkb	3	[1.32133393 2.932526   1.15874493]	True	1.8042016204886193
Homo_sapiens_tRNA-Leu-CAA-3	37	58	dmseq-alkb	3	[0.73328388 0.98876775 0.70019192]	True	0.807414517302096
Homo_sapiens_tRNA-Ala-AGC-11	26	58	mimseq	1	[1.89215757]	True	1.8921575666489492
Homo_sapiens_tRNA-Ala-AGC-11	26	37	mimseq	1	[0.86498612]	True	0.8649861190404108
Homo_sapiens_tRNA-Ala-AGC-11	26	37	msrseq	2	[-0.44323796 -0.55582882]	True	-0.49953339103893246
Homo_sapiens_tRNA-Ala-AGC-11	26	58	msrseq	1	[0.25078712]	True	0.2507871220997652
Homo_sapiens_tRNA-Ala-AGC-11	24	26	dmseq-untreated	1	[3.36744275]	True	3.3674427541397307
Homo_sapiens_tRNA-Ala-AGC-11	26	58	dmseq-untreated	3	[3.69692117 3.11209608 3.23530869]	True	3.348108648489262
Homo_sapiens_tRNA-Ala-AGC-11	26	34	dmseq-untreated	1	[-4.61555774]	True	-4.6155577401377865
Homo_sapiens_tRNA-Ala-AGC-11	34	37	dmseq-untreated	1	[-3.79974174]	True	-3.7997417379477296
Homo_sapiens_tRNA-Ala-AGC-11	34	58	dmseq-untreated	2	[-2.18259141 -3.43519788]	True	-2.8088946463752897
Homo_sapiens_tRNA-Ala-AGC-11	26	37	dmseq-alkb	2	[1.18868268 0.83887304]	True	1.0137778571661764
Homo_sapiens_tRNA-Ala-AGC-2	20	26	mimseq	2	[2.19554593 2.09218129]	True	2.143863611104071
Homo_sapiens_tRNA-Ala-AGC-2	20	37	mimseq	2	[0.17279738 0.23487327]	True	0.2038353269765926
Homo_sapiens_tRNA-Ala-AGC-2	20	58	mimseq	2	[0.30728097 0.35970472]	True	0.33349284453334915
Homo_sapiens_tRNA-Ala-AGC-2	26	58	mimseq	2	[0.41207693 0.47455067]	True	0.4433137976563746
Homo_sapiens_tRNA-Ala-AGC-2	20	25	quantm	2	[6.61266786 6.85496689]	True	6.7338173744197425
Homo_sapiens_tRNA-Ala-AGC-2	20	26	quantm	2	[-2.05692533 -1.90884413]	True	-1.9828847314589593
Homo_sapiens_tRNA-Ala-AGC-2	20	58	quantm	1	[0.30296588]	True	0.3029658781075254
Homo_sapiens_tRNA-Ala-AGC-2	20	60	quantm	2	[-1.04617707 -0.61954396]	True	-0.8328605153639268
Homo_sapiens_tRNA-Ala-AGC-2	25	26	quantm	2	[-4.53972725 -4.43648336]	True	-4.488105304498296
Homo_sapiens_tRNA-Ala-AGC-2	25	37	quantm	2	[-0.42117877 -0.42344506]	True	-0.4223119142806394
Homo_sapiens_tRNA-Ala-AGC-2	26	58	quantm	1	[0.19133487]	True	0.1913348712839387
Homo_sapiens_tRNA-Ala-AGC-2	58	60	quantm	2	[0.11316023 0.12130454]	True	0.11723238360125171
Homo_sapiens_tRNA-Ala-AGC-2	26	60	quantm	1	[-0.49526613]	True	-0.49526612938000913
Homo_sapiens_tRNA-Ala-AGC-2	20	25	msrseq	3	[4.46568792 4.518475   4.50239877]	True	4.4955205658682456
Homo_sapiens_tRNA-Ala-AGC-2	20	26	msrseq	3	[-0.17220168 -0.17845008 -0.35832867]	True	-0.23632681237410127
Homo_sapiens_tRNA-Ala-AGC-2	20	58	msrseq	2	[0.21323793 0.21847062]	True	0.21585427728917844
Homo_sapiens_tRNA-Ala-AGC-2	25	26	msrseq	3	[-1.50095032 -1.55345679 -1.74640253]	True	-1.6002698813406828
Homo_sapiens_tRNA-Ala-AGC-2	25	37	msrseq	1	[-0.27879681]	True	-0.27879680874459634
Homo_sapiens_tRNA-Ala-AGC-2	25	58	msrseq	1	[0.21493566]	True	0.2149356559855517
Homo_sapiens_tRNA-Ala-AGC-2	37	58	msrseq	1	[0.39421817]	True	0.3942181702644544
Homo_sapiens_tRNA-Ala-AGC-2	20	26	dmseq-untreated	3	[1.97496948 2.07859166 2.61933991]	True	2.2243003505207404
Homo_sapiens_tRNA-Ala-AGC-2	26	58	dmseq-untreated	2	[1.39460962 1.36881349]	True	1.3817115517271001
Homo_sapiens_tRNA-Ala-AGC-2	20	58	dmseq-untreated	1	[1.0102501]	True	1.010250096693757
Homo_sapiens_tRNA-Ala-AGC-2	20	26	dmseq-alkb	3	[0.9535544  1.1984709  1.06252151]	True	1.0715156058583082
Homo_sapiens_tRNA-Ala-AGC-2	20	37	dmseq-alkb	3	[1.3252296  1.94701078 0.95078249]	True	1.4076742872898678
Homo_sapiens_tRNA-Ala-AGC-2	26	37	dmseq-alkb	3	[1.03117038 1.45679866 0.80939227]	True	1.099120437952924
Homo_sapiens_tRNA-Glu-TTC-1	9	58	mimseq	2	[0.4765125  0.46400512]	True	0.47025881180857854
Homo_sapiens_tRNA-Glu-TTC-1	9	58	quantm	2	[0.22839907 0.33309863]	True	0.2807488528647898
Homo_sapiens_tRNA-Glu-TTC-1	34	58	quantm	1	[-0.12776354]	True	-0.127763539964048
Homo_sapiens_tRNA-Glu-TTC-1	9	34	msrseq	2	[0.24606147 0.34249029]	True	0.29427588213626643
Homo_sapiens_tRNA-Glu-TTC-1	34	58	msrseq	2	[0.08889145 0.15181144]	True	0.12035144746657124
Homo_sapiens_tRNA-Glu-TTC-1	9	34	dmseq-untreated	1	[0.19260958]	True	0.19260957520778024
Homo_sapiens_tRNA-Glu-TTC-1	9	58	dmseq-untreated	3	[0.55931741 0.45337244 0.45953361]	True	0.4907411549959991
Homo_sapiens_tRNA-Glu-TTC-1	9	58	dmseq-alkb	3	[1.68105587 1.855963   1.78818369]	True	1.7750675217352325
Homo_sapiens_tRNA-Glu-TTC-1	34	58	dmseq-alkb	3	[-0.21085262 -0.19325511 -0.12424703]	True	-0.17611825248955318
Homo_sapiens_tRNA-Glu-TTC-1	9	34	dmseq-alkb	1	[0.17723428]	True	0.1772342818163966
Homo_sapiens_tRNA-Ala-TGC-4	20	26	mimseq	2	[2.49928977 2.22105904]	True	2.360174406541252
Homo_sapiens_tRNA-Ala-TGC-4	20	37	mimseq	2	[1.0342307  0.96528307]	True	0.9997568865644963
Homo_sapiens_tRNA-Ala-TGC-4	20	58	mimseq	2	[0.22764897 0.24060013]	True	0.23412454752755085
Homo_sapiens_tRNA-Ala-TGC-4	37	58	mimseq	2	[0.28786672 0.35645805]	True	0.3221623859286846
Homo_sapiens_tRNA-Ala-TGC-4	20	25	quantm	2	[6.4330715  5.95578654]	True	6.194429021076582
Homo_sapiens_tRNA-Ala-TGC-4	20	26	quantm	2	[-1.39365873 -1.19077184]	True	-1.292215282082518
Homo_sapiens_tRNA-Ala-TGC-4	25	26	quantm	2	[-2.61715806 -2.44391199]	True	-2.5305350245133154
Homo_sapiens_tRNA-Ala-TGC-4	25	37	quantm	2	[-0.99270802 -0.77815314]	True	-0.8854305787320627
Homo_sapiens_tRNA-Ala-TGC-4	25	58	quantm	2	[-0.49350358 -0.32767135]	True	-0.41058746495799026
Homo_sapiens_tRNA-Ala-TGC-4	26	37	quantm	2	[0.68759238 0.52478792]	True	0.6061901506638442
Homo_sapiens_tRNA-Ala-TGC-4	26	58	quantm	2	[0.42528696 0.45384492]	True	0.43956594214093003
Homo_sapiens_tRNA-Ala-TGC-4	20	25	msrseq	3	[3.69742217 3.85479835 4.00012627]	True	3.850782264128634
Homo_sapiens_tRNA-Ala-TGC-4	20	26	msrseq	2	[0.18565876 0.27010347]	True	0.22788111430860114
Homo_sapiens_tRNA-Ala-TGC-4	20	37	msrseq	3	[0.51174807 0.54362878 0.71665178]	True	0.590676210872233
Homo_sapiens_tRNA-Ala-TGC-4	25	26	msrseq	3	[-0.77460606 -0.70177617 -0.80760154]	True	-0.7613279223069279
Homo_sapiens_tRNA-Ala-TGC-4	25	37	msrseq	2	[0.38577435 0.26079816]	True	0.3232862577813899
Homo_sapiens_tRNA-Ala-TGC-4	26	37	msrseq	3	[0.33443911 0.3439484  0.26003688]	True	0.3128081313061693
Homo_sapiens_tRNA-Ala-TGC-4	37	58	msrseq	2	[-0.16461118 -0.30952859]	True	-0.23706988547808042
Homo_sapiens_tRNA-Ala-TGC-4	20	58	msrseq	2	[0.22473484 0.29129472]	True	0.2580147774540821
Homo_sapiens_tRNA-Ala-TGC-4	20	24	dmseq-untreated	3	[1.59074485 1.54592559 1.152063  ]	True	1.429577816544393
Homo_sapiens_tRNA-Ala-TGC-4	20	26	dmseq-untreated	3	[3.51221437 3.00035777 3.50309242]	True	3.3385548501705204
Homo_sapiens_tRNA-Ala-TGC-4	24	26	dmseq-untreated	1	[4.65299833]	True	4.652998328839582
Homo_sapiens_tRNA-Ala-TGC-4	37	58	dmseq-untreated	1	[0.54887216]	True	0.5488721630120412
Homo_sapiens_tRNA-Ala-TGC-4	20	24	dmseq-alkb	3	[0.89630275 0.67706828 0.756109  ]	True	0.7764933408831745
Homo_sapiens_tRNA-Ala-TGC-4	20	26	dmseq-alkb	3	[0.67701423 0.61494844 0.5438619 ]	True	0.611941523867799
Homo_sapiens_tRNA-Ala-TGC-4	20	37	dmseq-alkb	3	[1.12661584 1.45061032 1.36161571]	True	1.3129472875316586
Homo_sapiens_tRNA-Ala-TGC-4	24	26	dmseq-alkb	3	[5.96973379 5.05929025 5.85385674]	True	5.627626927703216
Homo_sapiens_tRNA-Ala-TGC-4	26	37	dmseq-alkb	3	[-0.39318641 -0.60261263 -0.43748896]	True	-0.4777626654117885
Homo_sapiens_tRNA-Arg-TCG-1	7	9	mimseq	2	[1.18568494 1.14452974]	True	1.1651073393597609
Homo_sapiens_tRNA-Arg-TCG-1	7	58	mimseq	1	[0.31681768]	True	0.3168176789632684
Homo_sapiens_tRNA-Arg-TCG-1	26	37	mimseq	1	[0.74564488]	True	0.7456448772285422
Homo_sapiens_tRNA-Arg-TCG-1	37	58	mimseq	1	[0.21193338]	True	0.21193338269884326
Homo_sapiens_tRNA-Arg-TCG-1	9	26	msrseq	1	[0.24474725]	True	0.2447472532336477
Homo_sapiens_tRNA-Arg-TCG-1	26	58	msrseq	2	[0.47497772 0.53212925]	True	0.5035534841084398
Homo_sapiens_tRNA-Arg-TCG-1	26	37	msrseq	1	[0.57091691]	True	0.570916906530134
Homo_sapiens_tRNA-Arg-TCG-1	37	58	dmseq-untreated	3	[5.10373472 3.23371884 3.27351589]	True	3.8703231501530664
Homo_sapiens_tRNA-Arg-TCG-1	7	9	dmseq-alkb	3	[1.96108217 2.26883521 1.96920809]	True	2.0663751587292176
Homo_sapiens_tRNA-Arg-TCG-1	9	26	dmseq-alkb	3	[3.42163601 2.73385979 2.71210232]	True	2.955866038588919
Homo_sapiens_tRNA-Arg-TCG-1	9	37	dmseq-alkb	3	[-0.93548956 -1.46287557 -1.35363695]	True	-1.250667359354752
Homo_sapiens_tRNA-Arg-TCG-1	9	43	dmseq-alkb	3	[1.52403474 1.04863347 1.07997943]	True	1.2175492133227819
Homo_sapiens_tRNA-Arg-TCG-1	37	40	dmseq-alkb	2	[-4.55705887 -5.38453317]	True	-4.970796021035925
Homo_sapiens_tRNA-Arg-TCG-1	42	43	dmseq-alkb	3	[-5.01908584 -2.93628929 -2.8990219 ]	True	-3.6181323458407353
Homo_sapiens_tRNA-Arg-TCG-1	37	42	dmseq-alkb	2	[-4.35203697 -6.14053572]	True	-5.246286343447375
Homo_sapiens_tRNA-Arg-TCG-1	7	26	dmseq-alkb	1	[2.50726014]	True	2.5072601437279123
Homo_sapiens_tRNA-Arg-TCG-1	9	40	dmseq-alkb	1	[-0.89430711]	True	-0.8943071072308924
Homo_sapiens_tRNA-Arg-TCG-1	26	43	dmseq-alkb	1	[2.10554884]	True	2.1055488388869357
Homo_sapiens_tRNA-Arg-TCG-1	37	43	dmseq-alkb	1	[-7.15233479]	True	-7.152334787405877
Homo_sapiens_tRNA-Arg-TCG-1	40	43	dmseq-alkb	1	[-5.71106126]	True	-5.711061261198848
Homo_sapiens_tRNA-Ile-TAT-2	20	20a	quantm	1	[3.33167607]	True	3.3316760714389244
Homo_sapiens_tRNA-Ile-TAT-2	20	26	quantm	1	[3.80109593]	True	3.801095931585922
Homo_sapiens_tRNA-Ile-TAT-2	9	18	msrseq	2	[1.05384062 0.8891356 ]	True	0.971488112526113
Homo_sapiens_tRNA-Ile-TAT-2	9	20	msrseq	1	[1.09523138]	True	1.0952313751911331
Homo_sapiens_tRNA-Ile-TAT-2	9	20a	msrseq	2	[0.99136108 0.76060115]	True	0.8759811175419947
Homo_sapiens_tRNA-Ile-TAT-2	9	26	msrseq	2	[0.98185265 0.95557253]	True	0.9687125936146557
Homo_sapiens_tRNA-Ile-TAT-2	18	20	msrseq	3	[8.8362165  8.41702918 9.23381937]	True	8.829021681667108
Homo_sapiens_tRNA-Ile-TAT-2	18	20a	msrseq	3	[7.14459116 4.69691091 5.34203567]	True	5.7278459130444235
Homo_sapiens_tRNA-Ile-TAT-2	20	20a	msrseq	3	[3.99794434 4.11085078 4.45066141]	True	4.186485510598488
Homo_sapiens_tRNA-Ile-TAT-2	20	26	msrseq	3	[3.61013406 3.51701731 3.82463291]	True	3.650594760348234
Homo_sapiens_tRNA-Ile-TAT-2	20a	26	msrseq	2	[0.6659283  0.49224495]	True	0.5790866251356006
Homo_sapiens_tRNA-Ile-TAT-2	18	26	msrseq	1	[5.74074922]	True	5.7407492182622
Homo_sapiens_tRNA-Ile-TAT-2	26	58	msrseq	1	[-0.44448499]	True	-0.44448499093614846
Homo_sapiens_tRNA-Ile-TAT-2	26	33	dmseq-untreated	1	[1.76998414]	True	1.7699841423160736
Homo_sapiens_tRNA-Ile-TAT-2	26	58	dmseq-untreated	3	[1.11994256 1.96492845 1.54336604]	True	1.5427456828704347
Homo_sapiens_tRNA-Ile-TAT-2	9	26	dmseq-untreated	1	[2.17348282]	True	2.1734828208555017
Homo_sapiens_tRNA-Ile-TAT-2	20a	26	dmseq-untreated	1	[1.79796142]	True	1.7979614164355218
Homo_sapiens_tRNA-Ile-TAT-2	9	20a	dmseq-alkb	1	[0.47037479]	True	0.4703747925721938
Homo_sapiens_tRNA-Ile-TAT-2	9	26	dmseq-alkb	3	[2.70908225 2.88867872 2.51173242]	True	2.703164462936621
Homo_sapiens_tRNA-Ile-TAT-2	20a	33	dmseq-alkb	1	[-0.18733253]	True	-0.18733253479774734
Homo_sapiens_tRNA-Thr-TGT-2	16	20a	mimseq	2	[2.55262145 2.61479101]	True	2.583706232074392
Homo_sapiens_tRNA-Thr-TGT-2	16	32	mimseq	2	[-0.38702317 -0.53087308]	True	-0.4589481283772233
Homo_sapiens_tRNA-Thr-TGT-2	16	57	mimseq	2	[11.76590506 11.35855196]	True	11.562228512365662
Homo_sapiens_tRNA-Thr-TGT-2	16	58	mimseq	2	[-0.35870717 -0.35447845]	True	-0.356592810989644
Homo_sapiens_tRNA-Thr-TGT-2	16	59	mimseq	2	[5.03674029 5.01669624]	True	5.026718266044881
Homo_sapiens_tRNA-Thr-TGT-2	16	60	mimseq	2	[11.0900275  11.22328333]	True	11.156655411204783
Homo_sapiens_tRNA-Thr-TGT-2	20a	32	mimseq	2	[0.36478034 0.40621591]	True	0.3854981277344794
Homo_sapiens_tRNA-Thr-TGT-2	20a	57	mimseq	2	[1.87952526 1.83612682]	True	1.8578260424060224
Homo_sapiens_tRNA-Thr-TGT-2	20a	58	mimseq	2	[-0.35102441 -0.31672511]	True	-0.333874762510831
Homo_sapiens_tRNA-Thr-TGT-2	20a	59	mimseq	2	[1.53034359 1.45372498]	True	1.4920342885996813
Homo_sapiens_tRNA-Thr-TGT-2	20a	60	mimseq	2	[1.87380131 1.83211554]	True	1.8529584224470834
Homo_sapiens_tRNA-Thr-TGT-2	32	57	mimseq	2	[-0.17165533 -0.20752351]	True	-0.18958941991358474
Homo_sapiens_tRNA-Thr-TGT-2	32	59	mimseq	2	[0.2237099  0.15455327]	True	0.18913158601055108
Homo_sapiens_tRNA-Thr-TGT-2	32	60	mimseq	2	[-0.17196413 -0.20666246]	True	-0.18931329180773637
Homo_sapiens_tRNA-Thr-TGT-2	57	58	mimseq	2	[-0.73076197 -0.77219424]	True	-0.7514781059913398
Homo_sapiens_tRNA-Thr-TGT-2	57	59	mimseq	2	[9.28951843 9.7386857 ]	True	9.514102069392354
Homo_sapiens_tRNA-Thr-TGT-2	57	60	mimseq	2	[14.47011382 14.30302105]	True	14.38656743318493
Homo_sapiens_tRNA-Thr-TGT-2	58	59	mimseq	2	[-1.07699795 -1.01326296]	True	-1.0451304539062114
Homo_sapiens_tRNA-Thr-TGT-2	58	60	mimseq	2	[-0.70712297 -0.75298349]	True	-0.7300532285698098
Homo_sapiens_tRNA-Thr-TGT-2	59	60	mimseq	2	[ 9.84629317 10.43050815]	True	10.138400657856792
Homo_sapiens_tRNA-Thr-TGT-2	16	20	quantm	2	[-8.45229953 -7.97401952]	True	-8.213159522191912
Homo_sapiens_tRNA-Thr-TGT-2	16	20a	quantm	2	[1.71836838 1.37171654]	True	1.5450424556066849
Homo_sapiens_tRNA-Thr-TGT-2	16	32	quantm	1	[-2.20834916]	True	-2.20834916068984
Homo_sapiens_tRNA-Thr-TGT-2	16	57	quantm	2	[4.97183578 5.1027421 ]	True	5.037288944496975
Homo_sapiens_tRNA-Thr-TGT-2	16	59	quantm	2	[1.40797309 1.54817284]	True	1.478072964022536
Homo_sapiens_tRNA-Thr-TGT-2	16	60	quantm	2	[1.81718678 1.88820917]	True	1.8526979766043317
Homo_sapiens_tRNA-Thr-TGT-2	20	20a	quantm	2	[-4.24646855 -3.68920623]	True	-3.9678373882405538
Homo_sapiens_tRNA-Thr-TGT-2	20	57	quantm	2	[2.64442423 3.01664267]	True	2.830533446540217
Homo_sapiens_tRNA-Thr-TGT-2	20	60	quantm	2	[1.09215017 1.05852133]	True	1.0753357506773416
Homo_sapiens_tRNA-Thr-TGT-2	20a	32	quantm	2	[1.08573593 1.07661663]	True	1.0811762812792203
Homo_sapiens_tRNA-Thr-TGT-2	20a	57	quantm	2	[0.74431072 0.83128742]	True	0.7877990723708828
Homo_sapiens_tRNA-Thr-TGT-2	20a	60	quantm	2	[0.65299453 0.70253549]	True	0.6777650109480923
Homo_sapiens_tRNA-Thr-TGT-2	57	58	quantm	2	[0.29404042 0.34557223]	True	0.3198063238895777
Homo_sapiens_tRNA-Thr-TGT-2	57	59	quantm	2	[2.71140328 2.68477231]	True	2.698087795521403
Homo_sapiens_tRNA-Thr-TGT-2	57	60	quantm	2	[3.45148524 3.38365046]	True	3.417567848294569
Homo_sapiens_tRNA-Thr-TGT-2	58	59	quantm	2	[-1.26646405 -1.30630884]	True	-1.286386447266557
Homo_sapiens_tRNA-Thr-TGT-2	58	60	quantm	2	[0.64163916 0.59310902]	True	0.6173740873738762
Homo_sapiens_tRNA-Thr-TGT-2	59	60	quantm	2	[9.21770941 9.30106958]	True	9.259389495624983
Homo_sapiens_tRNA-Thr-TGT-2	20a	59	quantm	1	[-0.38126248]	True	-0.3812624765930514
Homo_sapiens_tRNA-Thr-TGT-2	16	20	msrseq	3	[-5.49566368 -4.81309065 -5.30880006]	True	-5.205851462194642
Homo_sapiens_tRNA-Thr-TGT-2	16	20a	msrseq	3	[3.0226054  2.74390869 3.12099302]	True	2.962502366084207
Homo_sapiens_tRNA-Thr-TGT-2	16	32	msrseq	3	[-1.82150209 -1.93271631 -1.78449246]	True	-1.846236955580767
Homo_sapiens_tRNA-Thr-TGT-2	16	57	msrseq	3	[4.9029076  5.27740726 5.51190008]	True	5.230738316734752
Homo_sapiens_tRNA-Thr-TGT-2	16	59	msrseq	3	[1.32222412 1.0420137  1.6385266 ]	True	1.334254806697641
Homo_sapiens_tRNA-Thr-TGT-2	16	60	msrseq	3	[2.31966208 2.06496531 2.50773951]	True	2.2974556332657565
Homo_sapiens_tRNA-Thr-TGT-2	20	20a	msrseq	3	[-1.65053585 -1.76047083 -1.6884349 ]	True	-1.6998138582285947
Homo_sapiens_tRNA-Thr-TGT-2	20	32	msrseq	3	[0.74769879 0.86945603 0.82635845]	True	0.8145044219362746
Homo_sapiens_tRNA-Thr-TGT-2	20	57	msrseq	3	[5.24193868 4.87837753 5.2463993 ]	True	5.122238503763558
Homo_sapiens_tRNA-Thr-TGT-2	20	59	msrseq	3	[1.81996696 2.00088677 1.73481282]	True	1.8518888512393221
Homo_sapiens_tRNA-Thr-TGT-2	20	60	msrseq	3	[3.30729135 3.25423978 3.35140773]	True	3.3043129529740427
Homo_sapiens_tRNA-Thr-TGT-2	20a	32	msrseq	3	[0.93218752 0.92603215 0.60742106]	True	0.8218802410012825
Homo_sapiens_tRNA-Thr-TGT-2	20a	57	msrseq	3	[0.96556147 0.77891882 0.9950932 ]	True	0.9131911632737184
Homo_sapiens_tRNA-Thr-TGT-2	20a	58	msrseq	2	[0.34866046 0.3385963 ]	True	0.3436283784885073
Homo_sapiens_tRNA-Thr-TGT-2	20a	59	msrseq	3	[0.67847436 0.56558526 0.57574991]	True	0.6066031781111896
Homo_sapiens_tRNA-Thr-TGT-2	20a	60	msrseq	3	[0.62998013 0.49443803 0.67699102]	True	0.6004697281982758
Homo_sapiens_tRNA-Thr-TGT-2	32	57	msrseq	3	[-1.04637583 -1.12484496 -0.89528001]	True	-1.0221669338003025
Homo_sapiens_tRNA-Thr-TGT-2	32	60	msrseq	3	[-1.23589198 -1.04376639 -1.11814837]	True	-1.1326022494673484
Homo_sapiens_tRNA-Thr-TGT-2	35	57	msrseq	3	[-1.09709094 -1.02248829 -1.0891142 ]	True	-1.0695644742230181
Homo_sapiens_tRNA-Thr-TGT-2	35	59	msrseq	2	[-6.83553823 -7.48846899]	True	-7.162003608475498
Homo_sapiens_tRNA-Thr-TGT-2	35	60	msrseq	3	[-4.17427867 -3.92523422 -3.41068085]	True	-3.8367312446779955
Homo_sapiens_tRNA-Thr-TGT-2	57	58	msrseq	3	[0.23431141 0.23692724 0.27764413]	True	0.24962759457768313
Homo_sapiens_tRNA-Thr-TGT-2	57	59	msrseq	3	[7.40404342 7.31302456 7.77058342]	True	7.49588380342125
Homo_sapiens_tRNA-Thr-TGT-2	57	60	msrseq	3	[8.08361594 7.68962212 7.87565194]	True	7.882963335005567
Homo_sapiens_tRNA-Thr-TGT-2	58	59	msrseq	3	[-2.61641093 -2.89656888 -2.76594393]	True	-2.759641246489155
Homo_sapiens_tRNA-Thr-TGT-2	58	60	msrseq	3	[-0.5634866  -0.7485794  -0.66462994]	True	-0.6588986469529984
Homo_sapiens_tRNA-Thr-TGT-2	59	60	msrseq	3	[8.84618628 9.08200594 9.77133896]	True	9.233177059734281
Homo_sapiens_tRNA-Thr-TGT-2	16	58	msrseq	1	[0.6859993]	True	0.6859992952707887
Homo_sapiens_tRNA-Thr-TGT-2	32	58	msrseq	1	[-0.94135005]	True	-0.94135005461749
Homo_sapiens_tRNA-Thr-TGT-2	35	58	msrseq	1	[0.66726255]	True	0.66726255104904
Homo_sapiens_tRNA-Thr-TGT-2	16	20a	dmseq-untreated	2	[0.74963942 0.67295051]	True	0.7112949678946129
Homo_sapiens_tRNA-Thr-TGT-2	16	57	dmseq-untreated	3	[10.05344109 10.1300189  12.68312621]	True	10.955528732415893
Homo_sapiens_tRNA-Thr-TGT-2	16	58	dmseq-untreated	2	[0.76155123 1.26070935]	True	1.0111302926660146
Homo_sapiens_tRNA-Thr-TGT-2	16	59	dmseq-untreated	3	[4.75984948 5.45521613 7.20807111]	True	5.807712239726878
Homo_sapiens_tRNA-Thr-TGT-2	16	60	dmseq-untreated	3	[10.16113188  9.68750066 12.40374437]	True	10.750792306138152
Homo_sapiens_tRNA-Thr-TGT-2	20a	32	dmseq-untreated	3	[0.27375439 0.30497505 0.21543948]	True	0.26472297311485377
Homo_sapiens_tRNA-Thr-TGT-2	20a	57	dmseq-untreated	2	[0.50148439 0.48329314]	True	0.49238876767352957
Homo_sapiens_tRNA-Thr-TGT-2	20a	60	dmseq-untreated	2	[0.45722903 0.41281064]	True	0.4350198340439868
Homo_sapiens_tRNA-Thr-TGT-2	32	58	dmseq-untreated	3	[0.50067264 0.75049248 0.62840598]	True	0.626523698974415
Homo_sapiens_tRNA-Thr-TGT-2	32	59	dmseq-untreated	1	[0.19538801]	True	0.19538800743095366
Homo_sapiens_tRNA-Thr-TGT-2	57	59	dmseq-untreated	3	[10.08013282 10.69535131  9.15225705]	True	9.975913726052632
Homo_sapiens_tRNA-Thr-TGT-2	57	60	dmseq-untreated	3	[12.48710598 13.38130335 12.07996295]	True	12.649457426672264
Homo_sapiens_tRNA-Thr-TGT-2	59	60	dmseq-untreated	3	[10.17931026 13.28428524  9.79697866]	True	11.08685805330377
Homo_sapiens_tRNA-Thr-TGT-2	58	59	dmseq-untreated	2	[-0.24197714 -0.26656938]	True	-0.2542732612523896
Homo_sapiens_tRNA-Thr-TGT-2	16	32	dmseq-untreated	1	[-0.73633711]	True	-0.7363371057916887
Homo_sapiens_tRNA-Thr-TGT-2	16	20a	dmseq-alkb	3	[1.4715652  1.38585474 1.27078028]	True	1.3760667357890197
Homo_sapiens_tRNA-Thr-TGT-2	16	57	dmseq-alkb	3	[11.82027205 11.96460687 11.20148254]	True	11.662120486902728
Homo_sapiens_tRNA-Thr-TGT-2	16	59	dmseq-alkb	3	[4.78532694 3.72263223 4.15691362]	True	4.2216242633571115
Homo_sapiens_tRNA-Thr-TGT-2	16	60	dmseq-alkb	3	[11.39391875 11.88818123 10.80868181]	True	11.363593932750462
Homo_sapiens_tRNA-Thr-TGT-2	20a	57	dmseq-alkb	3	[0.46068328 0.51075412 0.62877209]	True	0.5334031619758434
Homo_sapiens_tRNA-Thr-TGT-2	20a	59	dmseq-alkb	3	[0.20794242 0.15961378 0.21807442]	True	0.19521020859513014
Homo_sapiens_tRNA-Thr-TGT-2	20a	60	dmseq-alkb	3	[0.45209734 0.51735835 0.59383804]	True	0.5210979077417242
Homo_sapiens_tRNA-Thr-TGT-2	57	59	dmseq-alkb	3	[ 9.98882109 10.13268126 10.22052504]	True	10.114009128751277
Homo_sapiens_tRNA-Thr-TGT-2	57	60	dmseq-alkb	3	[15.38749185 16.56785473 15.56981216]	True	15.841719581861483
Homo_sapiens_tRNA-Thr-TGT-2	59	60	dmseq-alkb	3	[9.78281891 9.6950206  9.80707751]	True	9.761639005137843
Homo_sapiens_tRNA-Pro-CGG-1	6	9	msrseq	1	[1.05206316]	True	1.0520631635771713
Homo_sapiens_tRNA-Pro-CGG-1	6	58	msrseq	1	[1.16787717]	True	1.1678771727934538
Homo_sapiens_tRNA-Pro-CGG-1	9	58	dmseq-alkb	2	[1.75715142 1.92243154]	True	1.8397914758489977
Homo_sapiens_tRNA-Pro-AGG-2	6	58	msrseq	1	[-0.99164966]	True	-0.9916496638134629
Homo_sapiens_tRNA-Pro-AGG-2	9	58	dmseq-untreated	3	[0.20360057 0.17476238 0.17701172]	True	0.1851248871246115
Homo_sapiens_tRNA-Pro-AGG-2	9	58	dmseq-alkb	2	[1.9556336  1.88610779]	True	1.9208706957436426
Homo_sapiens_tRNA-Asp-GTC-1	6	9	mimseq	2	[-0.58207241 -0.78940377]	True	-0.6857380897985914
Homo_sapiens_tRNA-Asp-GTC-1	6	9	quantm	2	[4.76924392 5.0316021 ]	True	4.90042301138142
Homo_sapiens_tRNA-Asp-GTC-1	6	58	quantm	1	[-0.69804899]	True	-0.6980489895443899
Homo_sapiens_tRNA-Asp-GTC-1	6	9	msrseq	3	[4.14058794 4.25723799 4.47452708]	True	4.290784337091385
Homo_sapiens_tRNA-Asp-GTC-1	6	58	msrseq	2	[0.47136008 0.22691016]	True	0.3491351230951938
Homo_sapiens_tRNA-Asp-GTC-1	6	9	dmseq-untreated	2	[1.15423998 1.50732123]	True	1.3307806023256452
Homo_sapiens_tRNA-Asp-GTC-1	9	58	dmseq-untreated	1	[0.38349545]	True	0.38349544679781106
Homo_sapiens_tRNA-Asp-GTC-1	6	9	dmseq-alkb	3	[0.50118515 1.26253101 0.88839201]	True	0.8840360568948035
Homo_sapiens_tRNA-Asp-GTC-1	9	58	dmseq-alkb	1	[1.43117529]	True	1.4311752850565136
Homo_sapiens_tRNA-Leu-CAA-2	37	66	quantm	2	[-0.60138279 -0.5199337 ]	True	-0.5606582474763501
Homo_sapiens_tRNA-Leu-CAA-2	58	66	quantm	1	[-0.89565059]	True	-0.8956505913535138
Homo_sapiens_tRNA-Leu-CAA-2	26	58	msrseq	1	[-0.32700304]	True	-0.3270030392969012
Homo_sapiens_tRNA-Leu-CAA-2	37	58	dmseq-untreated	3	[0.69966654 0.49039089 0.68068162]	True	0.6235796809059696
Homo_sapiens_tRNA-Leu-CAA-2	26	37	dmseq-untreated	2	[1.37248857 1.93255296]	True	1.652520767231073
Homo_sapiens_tRNA-Leu-CAA-2	26	58	dmseq-untreated	1	[1.43454538]	True	1.4345453803968238
Homo_sapiens_tRNA-Leu-CAA-2	26	37	dmseq-alkb	3	[1.16524245 1.11411362 1.0290026 ]	True	1.1027862213267292
Homo_sapiens_tRNA-Leu-CAA-2	26	58	dmseq-alkb	3	[1.19079225 0.9427825  1.42474001]	True	1.1861049189049224
Homo_sapiens_tRNA-Leu-CAA-2	37	58	dmseq-alkb	3	[0.82801317 0.89032161 0.95205914]	True	0.8901313086534014
Homo_sapiens_tRNA-Asp-GTC-3	24	31	mimseq	1	[5.78680915]	True	5.786809148991398
Homo_sapiens_tRNA-Asp-GTC-3	6	9	quantm	2	[4.23533497 4.32213257]	True	4.278733769015697
Homo_sapiens_tRNA-Asp-GTC-3	6	31	quantm	2	[-3.10391299 -4.99467664]	True	-4.049294815713794
Homo_sapiens_tRNA-Asp-GTC-3	6	33	quantm	2	[3.38095616 3.65174546]	True	3.5163508123436187
Homo_sapiens_tRNA-Asp-GTC-3	6	34	quantm	2	[3.8889102  4.13685787]	True	4.012884035079467
Homo_sapiens_tRNA-Asp-GTC-3	9	24	quantm	2	[-3.90545176 -2.57067361]	True	-3.2380626829270343
Homo_sapiens_tRNA-Asp-GTC-3	9	31	quantm	2	[-2.62421897 -3.89842825]	True	-3.2613236077581997
Homo_sapiens_tRNA-Asp-GTC-3	9	33	quantm	2	[2.66191255 2.33671922]	True	2.4993158819700776
Homo_sapiens_tRNA-Asp-GTC-3	9	34	quantm	2	[2.73929065 2.63052693]	True	2.684908787902373
Homo_sapiens_tRNA-Asp-GTC-3	24	31	quantm	2	[2.69339715 3.30902687]	True	3.0012120088830567
Homo_sapiens_tRNA-Asp-GTC-3	24	34	quantm	1	[2.86097062]	True	2.860970622019105
Homo_sapiens_tRNA-Asp-GTC-3	31	33	quantm	2	[-2.84037768 -2.7711283 ]	True	-2.805752993037835
Homo_sapiens_tRNA-Asp-GTC-3	31	34	quantm	2	[-3.67510382 -3.4278647 ]	True	-3.5514842597383267
Homo_sapiens_tRNA-Asp-GTC-3	33	34	quantm	2	[5.82351925 5.96246102]	True	5.8929901358507175
Homo_sapiens_tRNA-Asp-GTC-3	24	33	quantm	1	[2.80619089]	True	2.806190886474824
Homo_sapiens_tRNA-Asp-GTC-3	6	9	msrseq	3	[3.39936926 3.28438899 3.340843  ]	True	3.3415337490643098
Homo_sapiens_tRNA-Asp-GTC-3	6	31	msrseq	3	[-0.57382095 -0.67458793 -0.5715352 ]	True	-0.6066480259874557
Homo_sapiens_tRNA-Asp-GTC-3	6	33	msrseq	3	[0.2956814  0.38007317 0.32805734]	True	0.3346039693886344
Homo_sapiens_tRNA-Asp-GTC-3	6	34	msrseq	3	[0.44973767 0.55859553 0.51622049]	True	0.5081845633222682
Homo_sapiens_tRNA-Asp-GTC-3	9	34	msrseq	3	[0.23323121 0.17147289 0.29983445]	True	0.2348461852530146
Homo_sapiens_tRNA-Asp-GTC-3	24	31	msrseq	3	[2.19073978 4.10958614 1.64584241]	True	2.648722774963079
Homo_sapiens_tRNA-Asp-GTC-3	24	33	msrseq	3	[-1.14414252 -1.30887997 -2.3909973 ]	True	-1.6146732618273845
Homo_sapiens_tRNA-Asp-GTC-3	24	34	msrseq	3	[-1.2968129  -1.89913349 -1.56017011]	True	-1.5853721651222115
Homo_sapiens_tRNA-Asp-GTC-3	31	33	msrseq	3	[-8.69409418 -7.42683281 -8.68657603]	True	-8.269167675682063
Homo_sapiens_tRNA-Asp-GTC-3	31	34	msrseq	3	[-7.33003211 -6.27136623 -6.99287027]	True	-6.864756200231859
Homo_sapiens_tRNA-Asp-GTC-3	33	34	msrseq	3	[5.01269197 4.6601199  4.79178385]	True	4.821531902674155
Homo_sapiens_tRNA-Asp-GTC-3	9	31	msrseq	1	[-0.63959072]	True	-0.6395907241709784
Homo_sapiens_tRNA-Asp-GTC-3	9	24	dmseq-untreated	2	[-1.25539533 -0.89793448]	True	-1.0766649040259688
Homo_sapiens_tRNA-Asp-GTC-3	9	31	dmseq-untreated	1	[-1.88694843]	True	-1.886948427294451
Homo_sapiens_tRNA-Asp-GTC-3	9	33	dmseq-untreated	3	[0.72911466 0.71698363 0.41997684]	True	0.6220250412655712
Homo_sapiens_tRNA-Asp-GTC-3	9	34	dmseq-untreated	3	[1.25093142 1.08327452 1.05241228]	True	1.1288727379255974
Homo_sapiens_tRNA-Asp-GTC-3	24	31	dmseq-untreated	3	[5.70210854 7.35329601 6.34863875]	True	6.468014433297363
Homo_sapiens_tRNA-Asp-GTC-3	24	33	dmseq-untreated	2	[-1.64039532 -2.3304967 ]	True	-1.9854460112572756
Homo_sapiens_tRNA-Asp-GTC-3	24	34	dmseq-untreated	3	[-4.63542145 -5.38504511 -5.0409776 ]	True	-5.020481389196486
Homo_sapiens_tRNA-Asp-GTC-3	31	33	dmseq-untreated	3	[-2.72709306 -2.20729371 -2.44484206]	True	-2.4597429450887804
Homo_sapiens_tRNA-Asp-GTC-3	31	34	dmseq-untreated	3	[-6.48020536 -5.46673979 -6.06900583]	True	-6.005316993461052
Homo_sapiens_tRNA-Asp-GTC-3	33	34	dmseq-untreated	3	[2.1417334  2.1265028  2.17077495]	True	2.1463370499643215
Homo_sapiens_tRNA-Asp-GTC-3	9	24	dmseq-alkb	3	[-1.09308273 -0.90157434 -0.94332361]	True	-0.9793268905913073
Homo_sapiens_tRNA-Asp-GTC-3	9	34	dmseq-alkb	3	[0.59178155 0.53654877 0.53987333]	True	0.5560678829641589
Homo_sapiens_tRNA-Asp-GTC-3	24	31	dmseq-alkb	3	[4.76225461 3.99241351 3.82678394]	True	4.193817352983985
Homo_sapiens_tRNA-Asp-GTC-3	31	33	dmseq-alkb	3	[-1.22320029 -1.74905265 -1.80419894]	True	-1.5921506263525511
Homo_sapiens_tRNA-Asp-GTC-3	31	34	dmseq-alkb	3	[-3.52468747 -4.60878716 -4.35122592]	True	-4.161566848072129
Homo_sapiens_tRNA-Asp-GTC-3	33	34	dmseq-alkb	3	[1.58697308 1.72929645 1.89347883]	True	1.7365827851144833
Homo_sapiens_tRNA-Asp-GTC-3	9	33	dmseq-alkb	2	[-0.70454211 -0.66455585]	True	-0.6845489832988447
Homo_sapiens_tRNA-Asp-GTC-3	24	34	dmseq-alkb	2	[-2.61279223 -2.32047357]	True	-2.4666328994897193
Homo_sapiens_tRNA-Asp-GTC-3	9	31	dmseq-alkb	1	[-0.65121093]	True	-0.6512109291057031
Homo_sapiens_tRNA-Ala-AGC-1	20	58	mimseq	2	[0.59329386 0.64523051]	True	0.6192621844262682
Homo_sapiens_tRNA-Ala-AGC-1	20	25	quantm	2	[7.60658914 8.50755975]	True	8.057074444950501
Homo_sapiens_tRNA-Ala-AGC-1	20	26	quantm	2	[-1.58861952 -2.75298807]	True	-2.1708037960189692
Homo_sapiens_tRNA-Ala-AGC-1	25	26	quantm	2	[-4.35480139 -4.04851545]	True	-4.201658423707364
Homo_sapiens_tRNA-Ala-AGC-1	25	58	quantm	1	[0.36128976]	True	0.3612897579211924
Homo_sapiens_tRNA-Ala-AGC-1	20	25	msrseq	3	[4.73523679 4.81638719 5.13714079]	True	4.896254920879202
Homo_sapiens_tRNA-Ala-AGC-1	20	26	msrseq	3	[-0.32977079 -0.51966159 -0.38444458]	True	-0.4112923189227116
Homo_sapiens_tRNA-Ala-AGC-1	20	58	msrseq	3	[0.53943117 0.57893225 0.72929638]	True	0.6158865992262121
Homo_sapiens_tRNA-Ala-AGC-1	25	26	msrseq	3	[-1.60668058 -1.91192619 -1.39162129]	True	-1.6367426830017342
Homo_sapiens_tRNA-Ala-AGC-1	25	58	msrseq	3	[0.49881733 0.44466689 0.6851223 ]	True	0.542868841172425
Homo_sapiens_tRNA-Ala-AGC-1	25	37	msrseq	1	[-0.80590145]	True	-0.8059014453858531
Homo_sapiens_tRNA-Ala-AGC-1	26	58	msrseq	1	[-0.31083136]	True	-0.3108313577609098
Homo_sapiens_tRNA-Ala-AGC-1	46	58	dmseq-untreated	1	[-0.63197437]	True	-0.6319743746026072
Homo_sapiens_tRNA-Ala-AGC-1	20	26	dmseq-untreated	1	[1.923317]	True	1.9233169975029032
Homo_sapiens_tRNA-Ala-AGC-1	20	58	dmseq-untreated	1	[1.89149855]	True	1.8914985451915365
Homo_sapiens_tRNA-Ala-AGC-1	20	26	dmseq-alkb	3	[1.15714772 1.002359   0.86821433]	True	1.0092403530991694
Homo_sapiens_tRNA-Ala-AGC-1	26	46	dmseq-alkb	2	[-1.25756234 -1.19037708]	True	-1.2239697129071752
Homo_sapiens_tRNA-Ala-AGC-1	20	46	dmseq-alkb	1	[0.52570435]	True	0.5257043534258956
Homo_sapiens_tRNA-Asn-GTT-2	9	58	quantm	1	[-0.86220974]	True	-0.8622097436562784
Homo_sapiens_tRNA-Asn-GTT-2	20a	58	msrseq	2	[0.22347095 0.31571046]	True	0.2695907072427821
Homo_sapiens_tRNA-Asn-GTT-2	9	20a	dmseq-untreated	3	[0.69565619 0.80461884 0.95085945]	True	0.8170448282321238
Homo_sapiens_tRNA-Asn-GTT-2	9	58	dmseq-untreated	1	[0.95649877]	True	0.9564987704041437
Homo_sapiens_tRNA-Asn-GTT-2	9	20a	dmseq-alkb	1	[0.39588516]	True	0.3958851641424454
Homo_sapiens_tRNA-Arg-ACG-2	37	58	quantm	2	[-0.2722249  -0.16039615]	True	-0.21631052461826644
Homo_sapiens_tRNA-Arg-ACG-2	9	37	msrseq	1	[-0.24081127]	True	-0.24081126703106476
Homo_sapiens_tRNA-Arg-ACG-2	9	58	msrseq	1	[-0.07056297]	True	-0.0705629743069985
Homo_sapiens_tRNA-Arg-ACG-2	37	58	msrseq	3	[-0.06763178 -0.17181249 -0.12861589]	True	-0.1226867220007294
Homo_sapiens_tRNA-Arg-ACG-2	26	37	msrseq	1	[-0.64100203]	True	-0.6410020344360305
Homo_sapiens_tRNA-Arg-ACG-2	26	58	msrseq	1	[0.30493987]	True	0.3049398708949758
Homo_sapiens_tRNA-Arg-ACG-2	9	26	dmseq-untreated	3	[5.55350371 5.24556336 5.55780519]	True	5.4522907533905105
Homo_sapiens_tRNA-Arg-ACG-2	26	37	dmseq-untreated	2	[6.4718519  6.29155445]	True	6.381703171005991
Homo_sapiens_tRNA-Arg-ACG-2	9	37	dmseq-untreated	1	[1.55934804]	True	1.559348037567574
Homo_sapiens_tRNA-Arg-ACG-2	37	58	dmseq-untreated	2	[2.10036031 1.91513357]	True	2.007746936037682
Homo_sapiens_tRNA-Arg-ACG-2	9	26	dmseq-alkb	3	[3.60080354 3.15370031 3.36376445]	True	3.3727561020084953
Homo_sapiens_tRNA-Arg-ACG-2	9	58	dmseq-alkb	2	[1.31279931 0.63431915]	True	0.9735592298758322
Homo_sapiens_tRNA-Arg-ACG-2	37	40	dmseq-alkb	3	[-5.40196801 -6.3244541  -5.65982103]	True	-5.795414378141113
Homo_sapiens_tRNA-Arg-ACG-2	37	42	dmseq-alkb	3	[-4.42064519 -6.16784804 -5.15268804]	True	-5.247060422453274
Homo_sapiens_tRNA-Arg-ACG-2	37	43	dmseq-alkb	3	[-6.10445943 -3.77972763 -5.25558216]	True	-5.046589742204424
Homo_sapiens_tRNA-Arg-ACG-2	37	58	dmseq-alkb	2	[0.89072131 0.72832668]	True	0.8095239928560123
Homo_sapiens_tRNA-Arg-ACG-2	40	43	dmseq-alkb	2	[-4.84845822 -5.34383667]	True	-5.0961474474535144
Homo_sapiens_tRNA-Arg-ACG-2	42	43	dmseq-alkb	2	[-4.26780575 -2.67343956]	True	-3.470622656062514
Homo_sapiens_tRNA-Arg-ACG-2	9	42	dmseq-alkb	1	[-0.83829153]	True	-0.8382915294760522
Homo_sapiens_tRNA-Arg-ACG-2	26	37	dmseq-alkb	1	[-1.89023111]	True	-1.890231114406498
Homo_sapiens_tRNA-Arg-ACG-2	40	58	dmseq-alkb	1	[-1.29397403]	True	-1.2939740333163612
Homo_sapiens_tRNA-Arg-ACG-2	42	58	dmseq-alkb	1	[-1.03438239]	True	-1.0343823887504155
Homo_sapiens_tRNA-Arg-ACG-2	9	43	dmseq-alkb	1	[0.50574531]	True	0.5057453142023627
Homo_sapiens_tRNA-Arg-ACG-2	43	58	dmseq-alkb	1	[0.71234256]	True	0.7123425589693015
Homo_sapiens_tRNA-Ala-AGC-4	37	58	mimseq	1	[-0.21761446]	True	-0.21761446274265214
Homo_sapiens_tRNA-Ala-AGC-4	20	58	mimseq	1	[0.3436392]	True	0.3436392001824234
Homo_sapiens_tRNA-Ala-AGC-4	26	37	mimseq	1	[0.86096675]	True	0.8609667521142783
Homo_sapiens_tRNA-Ala-AGC-4	20	25	quantm	2	[7.62698705 8.12982085]	True	7.878403952356776
Homo_sapiens_tRNA-Ala-AGC-4	20	26	quantm	2	[-2.58073098 -2.24697044]	True	-2.4138507124278195
Homo_sapiens_tRNA-Ala-AGC-4	25	26	quantm	2	[-3.79285535 -4.36103253]	True	-4.076943943592409
Homo_sapiens_tRNA-Ala-AGC-4	25	37	quantm	1	[-0.6039772]	True	-0.6039771982418003
Homo_sapiens_tRNA-Ala-AGC-4	20	25	msrseq	3	[5.13044442 5.27876244 5.33625009]	True	5.248485648017893
Homo_sapiens_tRNA-Ala-AGC-4	20	37	msrseq	3	[-0.54391613 -0.60357837 -0.31517548]	True	-0.4875566571122645
Homo_sapiens_tRNA-Ala-AGC-4	25	26	msrseq	3	[-1.22275088 -1.13590586 -1.17626173]	True	-1.1783061553928302
Homo_sapiens_tRNA-Ala-AGC-4	25	37	msrseq	2	[-0.30128666 -0.6242692 ]	True	-0.46277793030881587
Homo_sapiens_tRNA-Ala-AGC-4	26	37	msrseq	2	[0.20474354 0.32096745]	True	0.2628554961631637
Homo_sapiens_tRNA-Ala-AGC-4	20	26	msrseq	1	[-0.22424793]	True	-0.22424793224501516
Homo_sapiens_tRNA-Ala-AGC-4	26	58	msrseq	2	[-0.15078685 -0.16970566]	True	-0.1602462575289496
Homo_sapiens_tRNA-Ala-AGC-4	24	58	dmseq-untreated	1	[1.41983544]	True	1.4198354442915024
Homo_sapiens_tRNA-Ala-AGC-4	26	37	dmseq-untreated	2	[-1.55889503 -1.38021237]	True	-1.4695537007217119
Homo_sapiens_tRNA-Ala-AGC-4	26	58	dmseq-untreated	3	[3.1160618  3.50071447 2.32241541]	True	2.9797305598976447
Homo_sapiens_tRNA-Ala-AGC-4	37	58	dmseq-untreated	2	[-0.65310278 -0.57277718]	True	-0.6129399815245433
Homo_sapiens_tRNA-Ala-AGC-4	24	26	dmseq-untreated	1	[4.06169975]	True	4.0616997451852574
Homo_sapiens_tRNA-Ala-AGC-4	24	26	dmseq-alkb	3	[5.27817522 5.00302545 5.40679208]	True	5.22933091448406
Homo_sapiens_tRNA-Ala-AGC-4	26	37	dmseq-alkb	2	[1.09389698 0.80831167]	True	0.9511043285894772
Homo_sapiens_tRNA-Ala-AGC-4	20	24	dmseq-alkb	2	[0.51581276 0.29684883]	True	0.4063307968912394
Homo_sapiens_tRNA-Ala-AGC-4	24	58	dmseq-alkb	1	[0.4959361]	True	0.49593609722846616
Homo_sapiens_tRNA-Ala-AGC-4	26	58	dmseq-alkb	1	[2.25388593]	True	2.2538859282041543
Homo_sapiens_mito_tRNA-Leu-TAA-1	9	58	mimseq	1	[0.49140485]	True	0.4914048538489451
Homo_sapiens_mito_tRNA-Leu-TAA-1	13	15	msrseq	2	[0.77608492 0.5407919 ]	True	0.6584384080534977
Homo_sapiens_mito_tRNA-Leu-TAA-1	46	58	msrseq	1	[0.85912283]	True	0.8591228341669506
Homo_sapiens_mito_tRNA-Leu-TAA-1	15	19	msrseq	1	[-0.73567992]	True	-0.7356799203972522
Homo_sapiens_mito_tRNA-Leu-TAA-1	15	46	msrseq	1	[0.45296611]	True	0.4529661112091554
Homo_sapiens_mito_tRNA-Leu-TAA-1	15	58	msrseq	1	[-0.79367283]	True	-0.7936728344326669
Homo_sapiens_mito_tRNA-Leu-TAA-1	9	58	dmseq-untreated	3	[0.89037681 0.51569984 0.67201259]	True	0.6926964114099959
Homo_sapiens_mito_tRNA-Leu-TAA-1	46	48	dmseq-untreated	2	[-2.85546154 -2.72472818]	True	-2.7900948609307017
Homo_sapiens_mito_tRNA-Leu-TAA-1	46	50	dmseq-untreated	3	[-3.58057556 -3.79829744 -3.4509285 ]	True	-3.6099338318411527
Homo_sapiens_mito_tRNA-Leu-TAA-1	48	50	dmseq-untreated	2	[-3.94301794 -1.53213027]	True	-2.737574107257765
Homo_sapiens_mito_tRNA-Leu-TAA-1	9	46	dmseq-untreated	1	[0.53105621]	True	0.531056214208627
Homo_sapiens_mito_tRNA-Leu-TAA-1	9	46	dmseq-alkb	1	[0.65842909]	True	0.6584290921023941
Homo_sapiens_mito_tRNA-Leu-TAA-1	9	58	dmseq-alkb	2	[2.89217276 1.22661425]	True	2.0593935022129184
Homo_sapiens_mito_tRNA-Leu-TAA-1	46	48	dmseq-alkb	3	[-4.26508012 -3.59498783 -5.25382903]	True	-4.371298995256992
Homo_sapiens_mito_tRNA-Leu-TAA-1	46	50	dmseq-alkb	3	[-5.60160391 -5.3953882  -4.95307312]	True	-5.316688408027083
Homo_sapiens_mito_tRNA-Leu-TAA-1	48	50	dmseq-alkb	2	[-3.66468843 -4.83194175]	True	-4.248315085576175
Homo_sapiens_mito_tRNA-Leu-TAA-1	50	58	dmseq-alkb	1	[-0.88906422]	True	-0.8890642170782623
Homo_sapiens_mito_tRNA-Gln-TTG-1	34	37	quantm	2	[-1.70283996 -1.71030971]	True	-1.7065748308884205
Homo_sapiens_mito_tRNA-Gln-TTG-1	7	9	msrseq	2	[-4.37196195 -5.10084596]	True	-4.736403955731432
Homo_sapiens_mito_tRNA-Gln-TTG-1	34	37	msrseq	3	[-1.29077585 -0.93728291 -0.97273364]	True	-1.066930799343483
Homo_sapiens_mito_tRNA-Gln-TTG-1	9	34	dmseq-untreated	3	[-0.18993714 -0.29833184 -0.18765384]	True	-0.22530760459578356
Homo_sapiens_mito_tRNA-Gln-TTG-1	9	37	dmseq-untreated	2	[-0.17064577 -0.14774961]	True	-0.15919769454131916
Homo_sapiens_mito_tRNA-Gln-TTG-1	34	37	dmseq-untreated	3	[-0.17728415 -0.24296658 -0.24228358]	True	-0.22084476973026076
Homo_sapiens_mito_tRNA-Gln-TTG-1	9	34	dmseq-alkb	3	[-0.20134409 -0.20230975 -0.20947404]	True	-0.20437595717020693
Homo_sapiens_tRNA-Met-CAT-3	20	26	mimseq	1	[1.21022631]	True	1.210226306787372
Homo_sapiens_tRNA-Met-CAT-3	19	23	quantm	2	[9.55855267 6.85915919]	True	8.208855925698431
Homo_sapiens_tRNA-Met-CAT-3	19	24	quantm	2	[9.69781997 6.98295313]	True	8.340386550834062
Homo_sapiens_tRNA-Met-CAT-3	19	25	quantm	2	[9.6128685  6.76871529]	True	8.190791893881224
Homo_sapiens_tRNA-Met-CAT-3	20	23	quantm	2	[4.13538119 4.04212751]	True	4.088754353250373
Homo_sapiens_tRNA-Met-CAT-3	23	25	quantm	2	[9.91434116 8.98989379]	True	9.452117474477223
Homo_sapiens_tRNA-Met-CAT-3	23	26	quantm	2	[2.26143052 3.15413489]	True	2.7077827065320452
Homo_sapiens_tRNA-Met-CAT-3	23	24	quantm	1	[12.58851945]	True	12.588519452595984
Homo_sapiens_tRNA-Met-CAT-3	25	26	quantm	1	[3.07151614]	True	3.0715161400087343
Homo_sapiens_tRNA-Met-CAT-3	18	20	msrseq	2	[1.97268077 1.72319137]	True	1.8479360664457358
Homo_sapiens_tRNA-Met-CAT-3	18	26	msrseq	1	[-1.01664383]	True	-1.016643831523328
Homo_sapiens_tRNA-Met-CAT-3	19	23	msrseq	2	[6.79278227 8.10163275]	True	7.447207510145658
Homo_sapiens_tRNA-Met-CAT-3	19	24	msrseq	2	[7.12582962 8.34133349]	True	7.733581555092174
Homo_sapiens_tRNA-Met-CAT-3	19	25	msrseq	2	[7.0879     8.31559367]	True	7.70174683608358
Homo_sapiens_tRNA-Met-CAT-3	19	26	msrseq	1	[4.53232981]	True	4.532329814197492
Homo_sapiens_tRNA-Met-CAT-3	20	23	msrseq	2	[3.81832384 3.93807779]	True	3.878200812161582
Homo_sapiens_tRNA-Met-CAT-3	20	24	msrseq	1	[3.73137867]	True	3.731378667469315
Homo_sapiens_tRNA-Met-CAT-3	20	25	msrseq	1	[3.16411135]	True	3.164111345605637
Homo_sapiens_tRNA-Met-CAT-3	20	26	msrseq	1	[-0.85720362]	True	-0.8572036163952437
Homo_sapiens_tRNA-Met-CAT-3	23	24	msrseq	1	[13.62431502]	True	13.624315023942149
Homo_sapiens_tRNA-Met-CAT-3	23	25	msrseq	2	[11.99104009 14.63271126]	True	13.31187567738063
Homo_sapiens_tRNA-Met-CAT-3	23	26	msrseq	3	[3.39329123 1.03337298 2.99465068]	True	2.473771630583036
Homo_sapiens_tRNA-Met-CAT-3	24	25	msrseq	1	[17.73986217]	True	17.739862174312986
Homo_sapiens_tRNA-Met-CAT-3	25	26	msrseq	1	[3.72720843]	True	3.7272084310264684
Homo_sapiens_tRNA-Met-CAT-3	20	26	dmseq-untreated	3	[4.62335337 5.07245672 4.37531531]	True	4.690375131495867
Homo_sapiens_tRNA-Met-CAT-3	20	58	dmseq-untreated	3	[0.6799267  0.75519633 0.61686205]	True	0.6839950257915833
Homo_sapiens_tRNA-Met-CAT-3	26	58	dmseq-untreated	3	[2.76727605 3.19757685 2.49429094]	True	2.819714613515228
Homo_sapiens_tRNA-Met-CAT-3	20	26	dmseq-alkb	3	[0.63491972 0.72065272 0.43133133]	True	0.5956345910221809
Homo_sapiens_tRNA-Arg-ACG-1	26	58	mimseq	1	[0.71603578]	True	0.7160357840385164
Homo_sapiens_tRNA-Arg-ACG-1	37	58	quantm	1	[-0.20239523]	True	-0.2023952261102911
Homo_sapiens_tRNA-Arg-ACG-1	37	58	msrseq	1	[0.11004977]	True	0.11004976857366569
Homo_sapiens_tRNA-Arg-ACG-1	37	58	dmseq-untreated	1	[1.63378452]	True	1.6337845191689362
Homo_sapiens_tRNA-Arg-ACG-1	9	26	dmseq-untreated	1	[4.57537645]	True	4.575376451891958
Homo_sapiens_tRNA-Arg-ACG-1	9	37	dmseq-untreated	1	[2.15200309]	True	2.15200309344505
Homo_sapiens_tRNA-Arg-ACG-1	26	37	dmseq-untreated	1	[4.62813573]	True	4.628135731652958
Homo_sapiens_tRNA-Arg-ACG-1	9	42	dmseq-alkb	1	[-0.95615328]	True	-0.9561532763039792
Homo_sapiens_tRNA-Arg-ACG-1	9	58	dmseq-alkb	2	[0.94275605 0.69615858]	True	0.819457315146104
Homo_sapiens_tRNA-Arg-ACG-1	37	40	dmseq-alkb	3	[-5.97542198 -4.62971966 -6.25226186]	True	-5.619134499416781
Homo_sapiens_tRNA-Arg-ACG-1	37	42	dmseq-alkb	3	[-4.77345961 -3.72112851 -5.91745431]	True	-4.804014141560025
Homo_sapiens_tRNA-Arg-ACG-1	37	43	dmseq-alkb	3	[-5.7790029  -4.58582236 -5.38602385]	True	-5.2502830356235375
Homo_sapiens_tRNA-Arg-ACG-1	37	58	dmseq-alkb	2	[0.84851225 0.75833392]	True	0.8034230855552
Homo_sapiens_tRNA-Arg-ACG-1	40	58	dmseq-alkb	2	[-1.15559271 -0.55504478]	True	-0.855318747368091
Homo_sapiens_tRNA-Arg-ACG-1	42	43	dmseq-alkb	3	[-4.1970123  -2.6529638  -2.56083157]	True	-3.136935891354111
Homo_sapiens_tRNA-Arg-ACG-1	40	42	dmseq-alkb	2	[-4.21692585 -5.98145987]	True	-5.09919285789843
Homo_sapiens_tRNA-Arg-ACG-1	40	43	dmseq-alkb	1	[-4.2074737]	True	-4.207473702778536
Homo_sapiens_tRNA-Arg-ACG-1	42	58	dmseq-alkb	1	[-0.51596471]	True	-0.515964707639236
Homo_sapiens_tRNA-Arg-CCT-4	7	9	mimseq	2	[-0.6723431  -0.60626204]	True	-0.6393025675426958
Homo_sapiens_tRNA-Arg-CCT-4	7	32	mimseq	2	[0.3729068  0.42847132]	True	0.4006890611460382
Homo_sapiens_tRNA-Arg-CCT-4	9	32	quantm	1	[0.31973604]	True	0.31973604008902257
Homo_sapiens_tRNA-Arg-CCT-4	7	9	msrseq	3	[2.47078568 2.69162939 2.65713755]	True	2.606517538224139
Homo_sapiens_tRNA-Arg-CCT-4	7	32	msrseq	2	[0.67582511 1.11286803]	True	0.894346569572884
Homo_sapiens_tRNA-Arg-CCT-4	9	58	msrseq	1	[-0.3249749]	True	-0.3249748991133017
Homo_sapiens_tRNA-Arg-CCT-4	9	58	dmseq-untreated	1	[0.58954353]	True	0.5895435276077681
Homo_sapiens_tRNA-Arg-CCT-4	9	24	dmseq-alkb	3	[-1.26714523 -1.44083836 -1.20138213]	True	-1.303121909762818
Homo_sapiens_tRNA-Leu-CAG-1	37	e4	mimseq	2	[-0.1238931  -0.07529452]	True	-0.09959380987688424
Homo_sapiens_tRNA-Leu-CAG-1	37	e9	mimseq	2	[-0.09680648 -0.09036313]	True	-0.0935848064094392
Homo_sapiens_tRNA-Leu-CAG-1	e4	e9	mimseq	2	[-0.21640689 -0.24882845]	True	-0.23261767089691238
Homo_sapiens_tRNA-Leu-CAG-1	26	e4	quantm	1	[-0.17403655]	True	-0.17403654628555812
Homo_sapiens_tRNA-Leu-CAG-1	e9	58	msrseq	3	[0.36129756 0.60787321 0.4224296 ]	True	0.463866788869942
Homo_sapiens_tRNA-Leu-CAG-1	26	e9	msrseq	2	[-0.43585053 -0.46030499]	True	-0.4480777604311944
Homo_sapiens_tRNA-Leu-CAG-1	26	58	msrseq	1	[-0.25227771]	True	-0.25227771395064885
Homo_sapiens_tRNA-Leu-CAG-1	37	e9	msrseq	1	[-0.59108359]	True	-0.5910835882564385
Homo_sapiens_tRNA-Leu-CAG-1	26	37	dmseq-untreated	3	[1.16167131 1.61159465 1.03398907]	True	1.2690850085878769
Homo_sapiens_tRNA-Leu-CAG-1	26	e9	dmseq-untreated	3	[1.84380288 2.02478104 1.40511206]	True	1.7578986592506325
Homo_sapiens_tRNA-Leu-CAG-1	26	58	dmseq-untreated	3	[1.58011064 1.88169052 0.87136637]	True	1.4443891786478391
Homo_sapiens_tRNA-Leu-CAG-1	37	e9	dmseq-untreated	3	[0.39066878 0.54828515 0.33687166]	True	0.425275194890086
Homo_sapiens_tRNA-Leu-CAG-1	37	58	dmseq-untreated	3	[0.53219141 0.7619713  0.50599221]	True	0.6000516407271407
Homo_sapiens_tRNA-Leu-CAG-1	e9	58	dmseq-untreated	3	[1.06854726 1.04115365 0.96176522]	True	1.0238220423234219
Homo_sapiens_tRNA-Leu-CAG-1	26	37	dmseq-alkb	3	[1.37444804 1.58705169 1.57615987]	True	1.5125531986520147
Homo_sapiens_tRNA-Trp-CCA-2	9	37	mimseq	1	[-0.21460789]	True	-0.21460789213659356
Homo_sapiens_tRNA-Trp-CCA-2	7	9	msrseq	2	[0.97437419 1.70887656]	True	1.3416253738071189
Homo_sapiens_tRNA-Trp-CCA-2	9	26	msrseq	1	[-0.85889985]	True	-0.8588998522847565
Homo_sapiens_tRNA-Trp-CCA-2	26	37	msrseq	1	[-1.01142329]	True	-1.0114232870888713
Homo_sapiens_tRNA-Trp-CCA-2	37	58	dmseq-untreated	1	[2.02010121]	True	2.0201012060565096
Homo_sapiens_tRNA-Trp-CCA-2	9	37	dmseq-alkb	1	[2.72153555]	True	2.7215355535966004
Homo_sapiens_tRNA-Trp-CCA-2	26	37	dmseq-alkb	3	[3.83379472 2.6433444  3.26299139]	True	3.246710169142334
Homo_sapiens_tRNA-Leu-TAA-1	26	37	msrseq	1	[-0.86745074]	True	-0.8674507418209852
Homo_sapiens_tRNA-Leu-TAA-1	26	58	msrseq	1	[0.78058249]	True	0.7805824932276595
Homo_sapiens_tRNA-Leu-TAA-1	26	37	dmseq-untreated	2	[1.96494912 2.09008044]	True	2.027514780971826
Homo_sapiens_tRNA-Leu-TAA-1	26	58	dmseq-untreated	3	[1.3591675  1.38905534 1.17513687]	True	1.307786569160491
Homo_sapiens_tRNA-Leu-TAA-1	37	58	dmseq-untreated	2	[0.54991197 0.2917821 ]	True	0.42084703594616824
Homo_sapiens_tRNA-Leu-TAA-1	26	37	dmseq-alkb	2	[0.41568159 0.40873342]	True	0.41220750444432586
Homo_sapiens_tRNA-Gln-CTG-2	58	59	mimseq	2	[0.68254288 0.835387  ]	True	0.7589649404212677
Homo_sapiens_tRNA-Gln-CTG-2	58	59	dmseq-untreated	3	[-0.34257818 -0.419214   -0.48107609]	True	-0.4142894204493867
Homo_sapiens_tRNA-Gln-CTG-2	9	58	dmseq-untreated	2	[0.40549537 0.27353455]	True	0.33951495983674057
Homo_sapiens_tRNA-Gln-CTG-2	9	59	dmseq-untreated	1	[-0.6369713]	True	-0.636971304807636
Homo_sapiens_tRNA-Gln-CTG-2	8	9	dmseq-alkb	3	[-2.94865966 -2.85037474 -3.12565521]	True	-2.9748965362215887
Homo_sapiens_tRNA-Gln-CTG-2	8	59	dmseq-alkb	3	[1.08928704 1.29205086 1.15256988]	True	1.1779692592883213
Homo_sapiens_tRNA-Gln-CTG-2	9	59	dmseq-alkb	3	[0.87885834 0.85319995 0.79081631]	True	0.8409582009996092
Homo_sapiens_tRNA-Asp-GTC-2	6	9	mimseq	2	[-0.58757397 -0.65212555]	True	-0.6198497625494395
Homo_sapiens_tRNA-Asp-GTC-2	6	58	mimseq	2	[-1.68012321 -1.64295825]	True	-1.6615407272446905
Homo_sapiens_tRNA-Asp-GTC-2	9	58	mimseq	2	[-0.24509232 -0.25357908]	True	-0.24933569970939254
Homo_sapiens_tRNA-Asp-GTC-2	6	9	quantm	2	[4.67596497 4.65393479]	True	4.664949878395962
Homo_sapiens_tRNA-Asp-GTC-2	6	58	quantm	2	[-1.06849314 -1.18506022]	True	-1.1267766806834973
Homo_sapiens_tRNA-Asp-GTC-2	9	58	quantm	2	[-0.33787563 -0.43517109]	True	-0.38652336076993504
Homo_sapiens_tRNA-Asp-GTC-2	6	9	msrseq	3	[4.26561701 4.328016   4.13622639]	True	4.243286464181108
Homo_sapiens_tRNA-Asp-GTC-2	6	58	msrseq	3	[-0.61196657 -0.60618191 -0.5335285 ]	True	-0.5838923278764535
Homo_sapiens_tRNA-Asp-GTC-2	9	58	msrseq	3	[-0.36116276 -0.31915225 -0.30559936]	True	-0.3286381225747181
Homo_sapiens_tRNA-Asp-GTC-2	6	9	dmseq-untreated	3	[1.7346743  1.57078609 1.73494951]	True	1.6801366315989756
Homo_sapiens_tRNA-Asp-GTC-2	9	58	dmseq-untreated	3	[-0.10502527 -0.14663047 -0.16354782]	True	-0.13840118497794704
Homo_sapiens_tRNA-Asp-GTC-2	6	58	dmseq-untreated	2	[-0.37512888 -0.27993086]	True	-0.3275298687182963
Homo_sapiens_tRNA-Asp-GTC-2	6	9	dmseq-alkb	3	[0.43765229 0.7860981  0.74467153]	True	0.6561406380145778
Homo_sapiens_tRNA-Leu-CAA-4	37	66	quantm	2	[-0.35795057 -0.64804153]	True	-0.5029960476494892
Homo_sapiens_tRNA-Leu-CAA-4	56	58	quantm	2	[-0.66266307 -0.58247335]	True	-0.6225682074436878
Homo_sapiens_tRNA-Leu-CAA-4	56	66	quantm	2	[1.95513311 1.89930456]	True	1.9272188311902507
Homo_sapiens_tRNA-Leu-CAA-4	58	66	quantm	1	[-1.10275227]	True	-1.10275227055856
Homo_sapiens_tRNA-Leu-CAA-4	37	58	msrseq	1	[-0.24914415]	True	-0.24914415353586736
Homo_sapiens_tRNA-Leu-CAA-4	37	58	dmseq-untreated	3	[0.64416377 0.41987327 0.36976283]	True	0.4779332917602106
Homo_sapiens_tRNA-Leu-CAA-4	26	37	dmseq-alkb	3	[0.35381933 0.63615394 0.68299632]	True	0.5576565294345487
Homo_sapiens_tRNA-Leu-CAA-4	37	58	dmseq-alkb	3	[0.67567069 0.65444732 0.69883412]	True	0.6763173761726664
Homo_sapiens_tRNA-Leu-CAA-4	26	58	dmseq-alkb	2	[0.94016534 0.53498279]	True	0.7375740643526262
Homo_sapiens_tRNA-Leu-CAG-2	26	e9	mimseq	1	[1.66907784]	True	1.6690778352645306
Homo_sapiens_tRNA-Leu-CAG-2	26	e9	quantm	1	[-0.642154]	True	-0.6421540005849222
Homo_sapiens_tRNA-Leu-CAG-2	e9	58	msrseq	3	[0.4078696  0.62825269 0.68415042]	True	0.5734242344232933
Homo_sapiens_tRNA-Leu-CAG-2	26	e9	msrseq	1	[-0.39917183]	True	-0.39917182679103125
Homo_sapiens_tRNA-Leu-CAG-2	26	58	msrseq	1	[-0.39678102]	True	-0.3967810185310584
Homo_sapiens_tRNA-Leu-CAG-2	26	37	dmseq-untreated	3	[1.67935614 2.09899331 1.92204654]	True	1.9001319979971525
Homo_sapiens_tRNA-Leu-CAG-2	26	e9	dmseq-untreated	3	[2.74209126 2.65120133 2.70165898]	True	2.6983171910259416
Homo_sapiens_tRNA-Leu-CAG-2	26	58	dmseq-untreated	3	[1.75248802 1.68964938 2.0056595 ]	True	1.8159322999346834
Homo_sapiens_tRNA-Leu-CAG-2	37	e9	dmseq-untreated	3	[0.36689349 0.43859424 0.36530303]	True	0.3902635845618274
Homo_sapiens_tRNA-Leu-CAG-2	37	58	dmseq-untreated	3	[0.53293925 0.55553458 0.5984002 ]	True	0.5622913440473017
Homo_sapiens_tRNA-Leu-CAG-2	e9	58	dmseq-untreated	3	[0.92129679 0.88684344 0.91379055]	True	0.9073102577635602
Homo_sapiens_tRNA-Leu-CAG-2	26	37	dmseq-alkb	3	[1.0588467  1.25401447 1.2068141 ]	True	1.1732250893529204
Homo_sapiens_tRNA-Leu-CAG-2	37	e9	dmseq-alkb	3	[0.37486388 0.31201748 0.32915839]	True	0.3386799161658017
Homo_sapiens_tRNA-Arg-CCG-1	26	58	mimseq	1	[0.64260432]	True	0.6426043226043818
Homo_sapiens_tRNA-Arg-CCG-1	9	26	quantm	1	[0.35222825]	True	0.3522282453202273
Homo_sapiens_tRNA-Arg-CCG-1	26	58	quantm	1	[0.7428576]	True	0.7428576042079791
Homo_sapiens_tRNA-Arg-CCG-1	26	37	quantm	1	[-0.35894837]	True	-0.35894837067764696
Homo_sapiens_tRNA-Arg-CCG-1	26	58	msrseq	3	[0.73650488 0.50551617 0.59167496]	True	0.6112320047329917
Homo_sapiens_tRNA-Arg-CCG-1	9	26	msrseq	2	[0.17665157 0.29195557]	True	0.23430356823659004
Homo_sapiens_tRNA-Arg-CCG-1	9	37	msrseq	1	[-0.21022475]	True	-0.21022474748547568
Homo_sapiens_tRNA-Arg-CCG-1	26	37	msrseq	1	[-0.21185]	True	-0.21184999761906156
Homo_sapiens_tRNA-Arg-CCG-1	9	26	dmseq-untreated	3	[0.78175349 0.88583752 0.75901582]	True	0.8088689409594946
Homo_sapiens_tRNA-Arg-CCG-1	37	58	dmseq-untreated	3	[1.95730384 2.10924911 1.91648178]	True	1.9943449109746396
Homo_sapiens_tRNA-Arg-CCG-1	9	26	dmseq-alkb	3	[1.22091516 1.40374173 1.24824423]	True	1.2909670401201687
Homo_sapiens_tRNA-Arg-CCG-1	9	43	dmseq-alkb	2	[0.9287697 0.5303195]	True	0.7295445969760335
Homo_sapiens_tRNA-Arg-CCG-1	26	40	dmseq-alkb	3	[0.68147601 1.10838353 0.94815439]	True	0.9126713106628895
Homo_sapiens_tRNA-Arg-CCG-1	26	43	dmseq-alkb	2	[0.79515274 0.64134889]	True	0.7182508157765977
Homo_sapiens_tRNA-Arg-CCG-1	37	40	dmseq-alkb	2	[-8.12581097 -6.54953455]	True	-7.337672762011529
Homo_sapiens_tRNA-Arg-CCG-1	37	42	dmseq-alkb	3	[-5.68660093 -7.31366992 -5.46009764]	True	-6.153456162131356
Homo_sapiens_tRNA-Arg-CCG-1	37	43	dmseq-alkb	3	[-6.85859974 -8.0845398  -7.37985397]	True	-7.440997837222022
Homo_sapiens_tRNA-Arg-CCG-1	40	43	dmseq-alkb	2	[-5.80009034 -8.16623612]	True	-6.983163233812682
Homo_sapiens_tRNA-Arg-CCG-1	40	45	dmseq-alkb	3	[-5.89419522 -4.5439167  -4.52295964]	True	-4.987023854478138
Homo_sapiens_tRNA-Arg-CCG-1	42	43	dmseq-alkb	2	[-5.97210728 -6.27697807]	True	-6.124542676774315
Homo_sapiens_tRNA-Arg-CCG-1	42	45	dmseq-alkb	2	[-5.0680333  -6.25400918]	True	-5.661021240741162
Homo_sapiens_tRNA-Arg-CCG-1	37	45	dmseq-alkb	2	[-5.39933727 -5.08614168]	True	-5.242739476357099
Homo_sapiens_tRNA-Arg-CCG-1	40	42	dmseq-alkb	2	[-4.85915288 -7.68903857]	True	-6.274095725722356
Homo_sapiens_tRNA-Arg-CCG-1	9	45	dmseq-alkb	1	[-0.57505466]	True	-0.5750546634589289
Homo_sapiens_tRNA-Arg-CCG-1	43	45	dmseq-alkb	1	[-6.72230514]	True	-6.72230513770606
Homo_sapiens_tRNA-Gly-TCC-3	6	9	mimseq	2	[2.84902053 3.09552979]	True	2.9722751576426756
Homo_sapiens_tRNA-Gly-TCC-3	6	58	mimseq	1	[0.94278466]	True	0.9427846564357351
Homo_sapiens_tRNA-Gly-TCC-3	9	58	mimseq	2	[0.79058838 0.56828761]	True	0.6794379936970697
Homo_sapiens_tRNA-Gly-TCC-3	6	58	quantm	2	[0.28628177 0.40588101]	True	0.34608139187447695
Homo_sapiens_tRNA-Gly-TCC-3	6	58	msrseq	3	[0.946553   1.06747257 0.80430521]	True	0.939443592141678
Homo_sapiens_tRNA-Gly-TCC-3	6	9	dmseq-untreated	3	[2.99808251 3.60272673 3.38890762]	True	3.329905620841719
Homo_sapiens_tRNA-Gly-TCC-3	9	58	dmseq-untreated	3	[0.30624753 0.31175715 0.30101528]	True	0.3063399890946941
Homo_sapiens_tRNA-Gly-TCC-3	6	9	dmseq-alkb	3	[1.34115211 1.08850919 1.03192561]	True	1.1538623031513702
Homo_sapiens_tRNA-Gly-TCC-3	9	58	dmseq-alkb	3	[2.29335415 2.14359049 2.16076785]	True	2.199237492743442
Homo_sapiens_tRNA-Gly-TCC-3	6	58	dmseq-alkb	1	[-0.25426472]	True	-0.25426472102535286
Homo_sapiens_tRNA-Arg-TCG-2	7	9	mimseq	2	[-0.41533097 -0.49907332]	True	-0.4572021440083197
Homo_sapiens_tRNA-Arg-TCG-2	7	9	quantm	2	[-2.35917514 -2.47347457]	True	-2.4163248525854755
Homo_sapiens_tRNA-Arg-TCG-2	37	58	quantm	1	[0.32479404]	True	0.3247940377638473
Homo_sapiens_tRNA-Arg-TCG-2	7	26	msrseq	2	[1.68644382 1.90863213]	True	1.7975379758074705
Homo_sapiens_tRNA-Arg-TCG-2	9	26	msrseq	1	[1.3834653]	True	1.383465303696058
Homo_sapiens_tRNA-Arg-TCG-2	26	58	msrseq	1	[1.13048077]	True	1.1304807713025884
Homo_sapiens_tRNA-Arg-TCG-2	7	9	dmseq-untreated	3	[-2.357322   -2.05736783 -1.43728214]	True	-1.9506573242939584
Homo_sapiens_tRNA-Arg-TCG-2	9	26	dmseq-untreated	1	[1.74250378]	True	1.7425037777076362
Homo_sapiens_tRNA-Arg-TCG-2	37	58	dmseq-untreated	3	[3.20752543 3.33607858 1.96017564]	True	2.8345932159250595
Homo_sapiens_tRNA-Arg-TCG-2	9	37	dmseq-untreated	1	[2.58828286]	True	2.5882828590127676
Homo_sapiens_tRNA-Arg-TCG-2	7	9	dmseq-alkb	3	[-0.91471201 -1.01416154 -1.0411553 ]	True	-0.9900096179547094
Homo_sapiens_tRNA-Arg-TCG-2	7	26	dmseq-alkb	3	[0.70715501 0.4667788  0.55670123]	True	0.5768783430978197
Homo_sapiens_tRNA-Arg-TCG-2	9	26	dmseq-alkb	3	[2.45349549 2.30784152 2.34397271]	True	2.368436571543024
Homo_sapiens_tRNA-Arg-TCG-2	37	40	dmseq-alkb	2	[-6.67127183 -6.81901843]	True	-6.7451451305328725
Homo_sapiens_tRNA-Arg-TCG-2	26	37	dmseq-alkb	1	[0.89753847]	True	0.8975384729655373
Homo_sapiens_tRNA-Leu-CAA-1	37	58	quantm	2	[-0.23743845 -0.23110418]	True	-0.2342713107174953
Homo_sapiens_tRNA-Leu-CAA-1	58	59	msrseq	1	[-10.4399565]	True	-10.439956497836725
Homo_sapiens_tRNA-Leu-CAA-1	26	58	dmseq-untreated	1	[0.66901542]	True	0.669015423612068
Homo_sapiens_tRNA-Leu-CAA-1	37	58	dmseq-untreated	3	[0.81396507 0.693362   0.84387006]	True	0.7837323762338507
Homo_sapiens_tRNA-Leu-CAA-1	26	37	dmseq-untreated	1	[0.71132623]	True	0.711326233697879
Homo_sapiens_tRNA-Leu-CAA-1	26	37	dmseq-alkb	3	[0.41084477 0.62436543 0.54608753]	True	0.5270992411764912
Homo_sapiens_tRNA-Leu-CAA-1	26	58	dmseq-alkb	2	[0.61899523 0.86919907]	True	0.7440971476692763
Homo_sapiens_tRNA-Leu-CAA-1	37	58	dmseq-alkb	2	[0.82616231 0.79637438]	True	0.8112683457761235
Homo_sapiens_tRNA-Val-AAC-1	26	58	mimseq	2	[0.21244442 0.17504241]	True	0.19374341437521075
Homo_sapiens_tRNA-Val-AAC-1	26	58	quantm	2	[0.63966964 0.66062849]	True	0.6501490674472861
Homo_sapiens_mito_tRNA-Thr-TGT-1	9	32	mimseq	2	[1.68399343 1.70200624]	True	1.692999833896078
Homo_sapiens_mito_tRNA-Thr-TGT-1	9	32	quantm	2	[4.51366065 4.15856396]	True	4.336112301786043
Homo_sapiens_mito_tRNA-Thr-TGT-1	9	32	msrseq	3	[5.79064146 5.60576642 5.730436  ]	True	5.708947957639739
Homo_sapiens_mito_tRNA-Thr-TGT-1	9	45	msrseq	2	[3.17006378 2.32031681]	True	2.7451902962285684
Homo_sapiens_mito_tRNA-Thr-TGT-1	32	35	msrseq	3	[3.65675516 4.17046947 3.7111308 ]	True	3.8461184752258877
Homo_sapiens_mito_tRNA-Thr-TGT-1	32	45	msrseq	2	[1.7996931  1.46697184]	True	1.6333324689746636
Homo_sapiens_mito_tRNA-Thr-TGT-1	35	45	msrseq	1	[0.41315285]	True	0.41315285493390086
Homo_sapiens_mito_tRNA-Thr-TGT-1	9	32	dmseq-untreated	3	[0.9320451  1.14425657 0.73861032]	True	0.9383039976504749
Homo_sapiens_tRNA-Gly-TCC-2	9	58	mimseq	2	[0.4635397  0.73349777]	True	0.5985187377529237
Homo_sapiens_tRNA-Gly-TCC-2	6	58	quantm	2	[0.26534305 0.20174813]	True	0.2335455916354111
Homo_sapiens_tRNA-Gly-TCC-2	6	58	msrseq	3	[0.59304087 0.56247959 0.74201128]	True	0.6325105784665058
Homo_sapiens_tRNA-Gly-TCC-2	9	58	dmseq-untreated	2	[0.46834604 0.46463947]	True	0.466492759678272
Homo_sapiens_tRNA-Gly-TCC-2	6	58	dmseq-alkb	1	[-0.41347858]	True	-0.4134785804027928
Homo_sapiens_mito_tRNA-Leu-TAG-1	9	37	mimseq	2	[0.87276216 1.17662743]	True	1.0246947976048832
Homo_sapiens_mito_tRNA-Leu-TAG-1	35	37	mimseq	2	[9.21972745 7.87549583]	True	8.547611638323062
Homo_sapiens_mito_tRNA-Leu-TAG-1	9	37	quantm	2	[0.7423034  0.96571714]	True	0.8540102704987589
Homo_sapiens_mito_tRNA-Leu-TAG-1	37	44	msrseq	2	[-1.19594322 -1.37225527]	True	-1.2840992438186587
Homo_sapiens_mito_tRNA-Leu-TAG-1	9	35	dmseq-untreated	3	[0.69214007 0.73059352 0.69595392]	True	0.7062291687267294
Homo_sapiens_mito_tRNA-Leu-TAG-1	9	37	dmseq-untreated	3	[1.78010865 1.85814468 1.78823489]	True	1.8088294057467753
Homo_sapiens_mito_tRNA-Leu-TAG-1	9	44	dmseq-untreated	1	[0.6064668]	True	0.6064668004044491
Homo_sapiens_mito_tRNA-Leu-TAG-1	35	37	dmseq-untreated	3	[9.05353838 8.4267809  7.90868956]	True	8.463002947626507
Homo_sapiens_mito_tRNA-Leu-TAG-1	35	44	dmseq-untreated	3	[2.04316929 1.08933333 1.06196401]	True	1.3981555423766354
Homo_sapiens_mito_tRNA-Leu-TAG-1	37	44	dmseq-untreated	3	[2.37167195 1.71108355 1.51337214]	True	1.8653758811945427
Homo_sapiens_mito_tRNA-Ser-TGA-1	32	37	mimseq	2	[0.63543822 1.07000156]	True	0.8527198874446311
Homo_sapiens_mito_tRNA-Ser-TGA-1	32	37	msrseq	3	[2.43775934 2.51796041 2.76667527]	True	2.5741316701655883
Homo_sapiens_mito_tRNA-Ser-TGA-1	32	58	msrseq	3	[3.11406566 2.85782072 3.88305224]	True	3.284979537190274
Homo_sapiens_mito_tRNA-Ser-TGA-1	37	58	msrseq	2	[-0.30673303 -0.24780809]	True	-0.2772705603756397
Homo_sapiens_mito_tRNA-Ser-TGA-1	35	37	msrseq	2	[-0.56152923 -0.50080125]	True	-0.5311652393919962
Homo_sapiens_mito_tRNA-Ser-TGA-1	32	37	dmseq-untreated	3	[2.00595442 2.00073276 2.07633507]	True	2.0276740829451443
Homo_sapiens_mito_tRNA-Ser-TGA-1	32	58	dmseq-untreated	3	[2.05304849 1.94075434 1.87049198]	True	1.9547649366647055
Homo_sapiens_mito_tRNA-Ser-TGA-1	37	58	dmseq-untreated	3	[0.52146275 0.63857148 0.4662201 ]	True	0.5420847778464676
Homo_sapiens_tRNA-Arg-TCT-3	32	58	mimseq	2	[0.43368284 0.26747473]	True	0.35057878553608757
Homo_sapiens_tRNA-Arg-TCT-3	32	34	quantm	2	[-2.50138201 -2.59963745]	True	-2.5505097303320623
Homo_sapiens_tRNA-Arg-TCT-3	9	58	dmseq-untreated	2	[0.94005746 1.93089822]	True	1.4354778387563902
Homo_sapiens_tRNA-Arg-TCT-3	32	34	dmseq-untreated	3	[-1.69637446 -2.73496681 -1.98462345]	True	-2.1386549064222575
Homo_sapiens_tRNA-Arg-TCT-3	32	58	dmseq-untreated	2	[1.32709485 1.19114149]	True	1.259118169681182
Homo_sapiens_tRNA-Arg-TCT-3	9	34	dmseq-alkb	1	[-0.29753706]	True	-0.29753705740155495
Homo_sapiens_mito_tRNA-Pro-TGG-1	9	37	mimseq	2	[0.5000999  0.70543586]	True	0.6027678760429191
Homo_sapiens_mito_tRNA-Pro-TGG-1	9	37	quantm	1	[0.36957394]	True	0.369573938713266
Homo_sapiens_mito_tRNA-Pro-TGG-1	9	49	quantm	1	[0.48498918]	True	0.4849891826830728
Homo_sapiens_mito_tRNA-Pro-TGG-1	9	37	msrseq	1	[1.29241576]	True	1.2924157610431264
Homo_sapiens_mito_tRNA-Pro-TGG-1	9	37	dmseq-untreated	3	[0.37651001 0.33967794 0.4392135 ]	True	0.3851338156728696
Homo_sapiens_mito_tRNA-Asp-GTC-1	9	10	mimseq	2	[-3.96292428 -4.39361797]	True	-4.178271123078171
Homo_sapiens_mito_tRNA-Asp-GTC-1	9	10	quantm	2	[-9.53833423 -9.61986915]	True	-9.579101691339062
Homo_sapiens_mito_tRNA-Asp-GTC-1	9	10	msrseq	3	[-7.01063445 -6.52219266 -7.75533353]	True	-7.0960535452057485
Homo_sapiens_mito_tRNA-Asp-GTC-1	9	10	dmseq-untreated	3	[-2.72457933 -2.70819699 -2.65698477]	True	-2.6965870319021135
Homo_sapiens_tRNA-Arg-CCG-2	7	9	mimseq	2	[-0.20874927 -0.3121019 ]	True	-0.2604255853242198
Homo_sapiens_tRNA-Arg-CCG-2	7	37	mimseq	1	[-0.1354511]	True	-0.13545109504283348
Homo_sapiens_tRNA-Arg-CCG-2	7	9	msrseq	3	[2.9903617  2.74488329 2.88386514]	True	2.873036711796414
Homo_sapiens_tRNA-Arg-CCG-2	7	58	msrseq	1	[0.56887083]	True	0.5688708306760802
Homo_sapiens_tRNA-Arg-CCG-2	9	37	msrseq	1	[-0.20129776]	True	-0.20129775898362084
Homo_sapiens_tRNA-Arg-CCG-2	9	58	dmseq-untreated	2	[0.33309423 0.604598  ]	True	0.4688461157270485
Homo_sapiens_tRNA-Arg-CCG-2	37	58	dmseq-untreated	3	[0.40992104 0.75968106 0.46109672]	True	0.5435662748747746
Homo_sapiens_tRNA-Arg-CCG-2	7	9	dmseq-untreated	1	[-1.30391746]	True	-1.3039174622743674
Homo_sapiens_tRNA-Arg-CCG-2	9	37	dmseq-untreated	2	[0.37185285 0.22120788]	True	0.296530363684192
Homo_sapiens_tRNA-Arg-CCG-2	9	58	dmseq-alkb	1	[0.77439953]	True	0.7743995316224953
Homo_sapiens_mito_tRNA-Ala-TGC-1	9	37	mimseq	2	[2.89663753 3.27983117]	True	3.08823434740031
Homo_sapiens_mito_tRNA-Ala-TGC-1	9	37	quantm	2	[0.87402911 1.0947143 ]	True	0.9843717029637943
Homo_sapiens_mito_tRNA-Ala-TGC-1	9	37	msrseq	3	[0.36308462 0.70852114 0.62931593]	True	0.5669738956451078
Homo_sapiens_mito_tRNA-Ala-TGC-1	9	37	dmseq-untreated	3	[2.19062825 2.23616098 2.29811799]	True	2.2416357384893995
Homo_sapiens_mito_tRNA-Trp-TCA-1	9	37	mimseq	2	[1.24557759 1.12307787]	True	1.1843277307051736
Homo_sapiens_mito_tRNA-Trp-TCA-1	9	37	dmseq-untreated	3	[0.506029   0.35677214 0.54680596]	True	0.4698690300736839
Homo_sapiens_tRNA-Glu-TTC-2	9	58	mimseq	2	[0.33794865 0.27286522]	True	0.3054069339193351
Homo_sapiens_tRNA-Glu-TTC-2	9	34	msrseq	1	[0.3080758]	True	0.3080757964535657
Homo_sapiens_tRNA-Glu-TTC-2	34	58	msrseq	3	[0.61405648 0.63981744 0.57594929]	True	0.609941070132625
Homo_sapiens_tRNA-Glu-TTC-2	9	58	dmseq-untreated	1	[0.40455798]	True	0.4045579810623051
Homo_sapiens_tRNA-Glu-TTC-2	9	34	dmseq-untreated	2	[0.38382269 0.28963898]	True	0.3367308367674361
Homo_sapiens_tRNA-Glu-CTC-1	9	58	mimseq	2	[0.978663   0.96342826]	True	0.9710456302532682
Homo_sapiens_tRNA-Glu-CTC-1	9	58	dmseq-untreated	3	[1.15329313 0.81093256 1.13694921]	True	1.0337249665501138
Homo_sapiens_tRNA-Glu-CTC-1	9	58	dmseq-alkb	1	[1.12124001]	True	1.1212400066222934
Homo_sapiens_mito_tRNA-Phe-GAA-1	9	37	mimseq	2	[1.88223785 1.74063868]	True	1.8114382675563419
Homo_sapiens_mito_tRNA-Phe-GAA-1	9	37	quantm	2	[1.56952045 2.23146461]	True	1.9004925309510865
Homo_sapiens_mito_tRNA-Phe-GAA-1	9	37	msrseq	3	[0.73163425 0.84895065 0.52953544]	True	0.703373446415239
Homo_sapiens_mito_tRNA-Phe-GAA-1	9	37	dmseq-untreated	3	[1.5241785  1.66047632 1.73243382]	True	1.6390295470243998
Homo_sapiens_mito_tRNA-Asn-GTT-1	9	26	mimseq	2	[1.1923067  1.33310257]	True	1.262704631351267
Homo_sapiens_mito_tRNA-Asn-GTT-1	9	72	mimseq	1	[0.97640941]	True	0.9764094141867805
Homo_sapiens_mito_tRNA-Asn-GTT-1	15	26	msrseq	2	[-1.03656716 -2.1117052 ]	True	-1.5741361764767818
Homo_sapiens_mito_tRNA-Asn-GTT-1	26	45	msrseq	1	[-0.51084342]	True	-0.5108434163239978
Homo_sapiens_mito_tRNA-Asn-GTT-1	26	73	msrseq	2	[0.45589836 0.55443831]	True	0.505168333274583
Homo_sapiens_mito_tRNA-Asn-GTT-1	68	72	msrseq	1	[-0.84506788]	True	-0.8450678816584947
Homo_sapiens_mito_tRNA-Asn-GTT-1	9	26	msrseq	2	[-0.33017606 -0.41901452]	True	-0.37459529213486736
Homo_sapiens_mito_tRNA-Asn-GTT-1	45	73	msrseq	1	[-1.42602838]	True	-1.4260283821612125
Homo_sapiens_mito_tRNA-Asn-GTT-1	72	73	msrseq	1	[-1.43349883]	True	-1.4334988333586252
Homo_sapiens_mito_tRNA-Asn-GTT-1	9	73	msrseq	1	[-0.62246635]	True	-0.6224663527584138
Homo_sapiens_mito_tRNA-Asn-GTT-1	9	26	dmseq-untreated	3	[0.36971904 0.34577056 0.33172441]	True	0.3490713370857394
Homo_sapiens_mito_tRNA-Asn-GTT-1	9	72	dmseq-untreated	2	[0.39943125 0.49917024]	True	0.449300744049006
Homo_sapiens_mito_tRNA-Asn-GTT-1	26	72	dmseq-untreated	2	[-0.31337793 -0.35294239]	True	-0.3331601604225587
Homo_sapiens_tRNA-Tyr-GTA-1	20	23	mimseq	2	[4.29708402 5.71258438]	True	5.004834203603043
Homo_sapiens_tRNA-Tyr-GTA-1	20	24	mimseq	2	[5.27969986 5.74505491]	True	5.512377386023174
Homo_sapiens_tRNA-Tyr-GTA-1	23	24	mimseq	1	[12.91450971]	True	12.914509711840411
Homo_sapiens_tRNA-Tyr-GTA-1	23	25	mimseq	1	[3.39122901]	True	3.3912290070040965
Homo_sapiens_tRNA-Tyr-GTA-1	23	27	mimseq	1	[1.69565189]	True	1.6956518938290326
Homo_sapiens_tRNA-Tyr-GTA-1	24	25	mimseq	2	[4.99816904 4.63393903]	True	4.816054036070834
Homo_sapiens_tRNA-Tyr-GTA-1	24	27	mimseq	2	[2.72631835 3.45631632]	True	3.091317334116857
Homo_sapiens_tRNA-Tyr-GTA-1	25	27	mimseq	2	[8.2740779 7.2874727]	True	7.78077529793218
Homo_sapiens_tRNA-Tyr-GTA-1	25	37	mimseq	2	[-1.05737508 -1.15219576]	True	-1.1047854166546918
Homo_sapiens_tRNA-Tyr-GTA-1	25	58	mimseq	1	[-1.18176505]	True	-1.181765048554654
Homo_sapiens_tRNA-Tyr-GTA-1	27	37	mimseq	2	[-0.71745948 -0.71142778]	True	-0.7144436320301375
Homo_sapiens_tRNA-Tyr-GTA-1	20	25	mimseq	1	[0.53729881]	True	0.5372988142467838
Homo_sapiens_tRNA-Tyr-GTA-1	20	27	mimseq	1	[0.73343471]	True	0.7334347072471772
Homo_sapiens_tRNA-Tyr-GTA-1	25	26	mimseq	1	[-2.42085683]	True	-2.4208568289926875
Homo_sapiens_tRNA-Tyr-GTA-1	25	26	quantm	1	[-3.37851162]	True	-3.3785116232537304
Homo_sapiens_tRNA-Tyr-GTA-1	26	27	quantm	1	[-4.32192809]	True	-4.321928094887363
Homo_sapiens_tRNA-Tyr-GTA-1	20	26	msrseq	3	[1.15200309 2.07038933 2.71543243]	True	1.9792749513176708
Homo_sapiens_tRNA-Tyr-GTA-1	23	27	msrseq	3	[-3.54217763 -2.49439529 -5.17162931]	True	-3.7360674109236833
Homo_sapiens_tRNA-Tyr-GTA-1	24	27	msrseq	3	[-3.48351724 -2.48581418 -5.3249944 ]	True	-3.7647752716483645
Homo_sapiens_tRNA-Tyr-GTA-1	25	26	msrseq	3	[-2.36408727 -4.33703499 -2.31681668]	True	-3.0059796456312444
Homo_sapiens_tRNA-Tyr-GTA-1	25	27	msrseq	3	[3.03401532 4.59230448 3.0138058 ]	True	3.546708532694284
Homo_sapiens_tRNA-Tyr-GTA-1	25	37	msrseq	1	[-1.30219746]	True	-1.3021974614052267
Homo_sapiens_tRNA-Tyr-GTA-1	26	27	msrseq	3	[-3.95217147 -4.57550217 -3.15887896]	True	-3.895517536701156
Homo_sapiens_tRNA-Tyr-GTA-1	26	37	msrseq	2	[-0.83162612 -1.31748219]	True	-1.0745541533832879
Homo_sapiens_tRNA-Tyr-GTA-1	20	27	msrseq	2	[-2.35090716 -1.95269429]	True	-2.151800723540386
Homo_sapiens_tRNA-Tyr-GTA-1	20	58	msrseq	1	[-1.7548875]	True	-1.7548875021634687
Homo_sapiens_tRNA-Tyr-GTA-1	20	24	msrseq	1	[4.18106556]	True	4.1810655590475125
Homo_sapiens_tRNA-Tyr-GTA-1	30	37	dmseq-alkb	1	[-5.67242534]	True	-5.672425341971495
Homo_sapiens_tRNA-Tyr-GTA-1	27	30	dmseq-alkb	1	[3.74846123]	True	3.7484612330040354
Homo_sapiens_tRNA-Pro-TGG-3	9	37	mimseq	2	[0.22115139 0.18987913]	True	0.2055152594002842
Homo_sapiens_tRNA-Pro-TGG-3	9	58	mimseq	2	[0.19892956 0.20262579]	True	0.20077767507484878
Homo_sapiens_tRNA-Pro-TGG-3	37	58	mimseq	2	[-0.58640178 -0.6045889 ]	True	-0.5954953411936911
Homo_sapiens_tRNA-Pro-TGG-3	37	58	quantm	1	[-0.19315455]	True	-0.1931545534071181
Homo_sapiens_tRNA-Pro-TGG-3	6	37	msrseq	1	[-0.77875212]	True	-0.778752120604493
Homo_sapiens_tRNA-Pro-TGG-3	6	9	msrseq	1	[1.2603149]	True	1.2603149044802018
Homo_sapiens_tRNA-Pro-TGG-3	9	37	dmseq-untreated	3	[-0.38198812 -0.3792575  -0.35131266]	True	-0.37085275952523683
Homo_sapiens_tRNA-Pro-TGG-3	9	58	dmseq-untreated	3	[0.51810453 0.51418724 0.56095241]	True	0.5310813934806832
Homo_sapiens_tRNA-Pro-TGG-3	37	58	dmseq-untreated	3	[0.48473564 0.53305113 0.45865549]	True	0.4921474197690976
Homo_sapiens_tRNA-Arg-TCT-1	9	32	mimseq	1	[0.12413022]	True	0.12413022159600035
Homo_sapiens_tRNA-Arg-TCT-1	32	34	quantm	2	[-3.79938852 -3.76364955]	True	-3.78151903570446
Homo_sapiens_tRNA-Arg-TCT-1	9	34	msrseq	2	[-0.20744304 -0.2404719 ]	True	-0.22395746958738183
Homo_sapiens_tRNA-Arg-TCT-1	31	32	msrseq	3	[-6.23760445 -6.02104355 -5.5724262 ]	True	-5.943691397405968
Homo_sapiens_tRNA-Arg-TCT-1	31	34	msrseq	3	[6.66248924 6.40617249 6.93716608]	True	6.668609268372488
Homo_sapiens_tRNA-Arg-TCT-1	31	58	msrseq	1	[1.00674489]	True	1.0067448868684719
Homo_sapiens_tRNA-Arg-TCT-1	32	34	msrseq	3	[-0.53431851 -0.68823307 -0.56067766]	True	-0.594409745626966
Homo_sapiens_tRNA-Arg-TCT-1	32	58	msrseq	3	[-0.33205263 -0.47575016 -0.56264919]	True	-0.45681732744780845
Homo_sapiens_tRNA-Arg-TCT-1	9	32	msrseq	1	[0.21797113]	True	0.2179711271952818
Homo_sapiens_tRNA-Arg-TCT-1	32	34	dmseq-untreated	3	[-2.12757319 -3.08054204 -3.18895756]	True	-2.7990242659553033
Homo_sapiens_tRNA-Arg-TCT-1	32	58	dmseq-untreated	3	[1.11460353 1.02016916 1.2558389 ]	True	1.1302038627354487
Homo_sapiens_tRNA-Arg-TCT-1	9	32	dmseq-untreated	2	[1.4532763  0.94566017]	True	1.1994682346698147
Homo_sapiens_tRNA-Arg-TCT-1	9	58	dmseq-untreated	1	[1.26205454]	True	1.2620545417850844
Homo_sapiens_tRNA-Arg-TCT-1	9	34	dmseq-alkb	1	[-0.24990721]	True	-0.24990721123398696
Homo_sapiens_tRNA-Arg-TCT-1	9	58	dmseq-alkb	1	[1.19849676]	True	1.1984967640129696
Homo_sapiens_tRNA-Arg-TCT-1	34	58	dmseq-alkb	1	[-0.21947823]	True	-0.2194782270932413
Homo_sapiens_tRNA-Leu-AAG-1	26	34	mimseq	2	[4.24907054 3.72431292]	True	3.986691731862874
Homo_sapiens_tRNA-Leu-AAG-1	34	58	mimseq	2	[-0.22464489 -0.44707226]	True	-0.3358585770815123
Homo_sapiens_tRNA-Leu-AAG-1	26	58	msrseq	1	[0.22784285]	True	0.2278428505672342
Homo_sapiens_tRNA-Leu-AAG-1	26	34	dmseq-untreated	3	[1.66496863 1.94478666 2.3009082 ]	True	1.970221161852595
Homo_sapiens_tRNA-Leu-AAG-1	26	37	dmseq-untreated	2	[0.90031022 0.56846058]	True	0.7343853966192749
Homo_sapiens_tRNA-Leu-AAG-1	26	58	dmseq-untreated	3	[1.07732225 0.92988132 0.82860636]	True	0.9452699764341106
Homo_sapiens_tRNA-Leu-AAG-1	34	37	dmseq-untreated	3	[6.42724351 6.60859791 7.00525676]	True	6.680366060016471
Homo_sapiens_tRNA-Leu-AAG-1	34	58	dmseq-untreated	3	[-0.52561434 -0.6011707  -0.5714296 ]	True	-0.5660715490399119
Homo_sapiens_tRNA-Leu-AAG-1	37	58	dmseq-untreated	1	[0.29490146]	True	0.29490145652453165
Homo_sapiens_tRNA-Gly-CCC-2	12	58	dmseq-alkb	2	[-0.34674361 -0.29698118]	True	-0.3218623939443378
Homo_sapiens_tRNA-Ala-AGC-12	26	37	msrseq	2	[-0.85196915 -1.02133177]	True	-0.9366504580056437
Homo_sapiens_tRNA-Ala-AGC-12	37	58	msrseq	1	[0.93562583]	True	0.9356258280075624
Homo_sapiens_tRNA-Ala-AGC-12	26	58	dmseq-untreated	3	[2.60072982 2.19639721 2.50355417]	True	2.433560400417527
Homo_sapiens_tRNA-Ala-AGC-12	37	58	dmseq-untreated	2	[-0.83512386 -0.68088692]	True	-0.7580053916697027
Homo_sapiens_tRNA-Ala-AGC-12	26	37	dmseq-alkb	1	[2.84533666]	True	2.8453366560721696
Homo_sapiens_tRNA-Glu-TTC-4	34	58	quantm	2	[-1.12365534 -1.17713672]	True	-1.1503960292525865
Homo_sapiens_tRNA-Glu-TTC-4	9	34	dmseq-untreated	2	[0.32083849 0.51779696]	True	0.41931772454965266
Homo_sapiens_tRNA-Glu-TTC-4	9	58	dmseq-untreated	1	[0.27139225]	True	0.2713922483923148
Homo_sapiens_tRNA-Glu-TTC-4	34	58	dmseq-untreated	3	[-0.77979873 -0.47718949 -0.67258994]	True	-0.6431927220292297
Homo_sapiens_tRNA-Glu-TTC-4	9	34	dmseq-alkb	1	[-0.33164367]	True	-0.3316436690964191
Homo_sapiens_tRNA-Glu-TTC-4	9	58	dmseq-alkb	1	[0.50994103]	True	0.5099410321794856
Homo_sapiens_tRNA-Ala-AGC-8	25	26	quantm	2	[-5.70781925 -4.26505816]	True	-4.98643870222233
Homo_sapiens_tRNA-Ala-AGC-8	26	37	msrseq	3	[-0.38831729 -0.51570522 -0.29209479]	True	-0.39870576737256763
Homo_sapiens_tRNA-Ala-AGC-8	26	58	msrseq	1	[0.1339889]	True	0.13398890003973954
Homo_sapiens_tRNA-Ala-AGC-8	26	37	dmseq-untreated	3	[-2.87940986 -2.45896146 -2.20309187]	True	-2.5138210600792235
Homo_sapiens_tRNA-Ala-AGC-8	26	58	dmseq-untreated	3	[3.22737527 3.1947081  3.66609557]	True	3.3627263158005967
Homo_sapiens_tRNA-Ala-AGC-8	37	58	dmseq-untreated	2	[-0.67518702 -0.93357483]	True	-0.8043809289066162
Homo_sapiens_tRNA-Ala-AGC-8	24	58	dmseq-untreated	1	[1.87731748]	True	1.8773174802251713
Homo_sapiens_mito_tRNA-Arg-TCG-1	9	10	quantm	2	[-1.7919645  -1.60921851]	True	-1.7005915032771073
Homo_sapiens_mito_tRNA-Arg-TCG-1	9	26	quantm	2	[0.53803055 0.73802124]	True	0.6380258964013894
Homo_sapiens_mito_tRNA-Arg-TCG-1	10	26	quantm	2	[-1.07812189 -1.30192346]	True	-1.19002267099179
Homo_sapiens_mito_tRNA-Arg-TCG-1	16	26	quantm	2	[0.58910694 0.59388961]	True	0.5914982762546362
Homo_sapiens_mito_tRNA-Arg-TCG-1	9	10	msrseq	3	[-1.05101253 -1.06151049 -1.2253298 ]	True	-1.1126176059717072
Homo_sapiens_mito_tRNA-Arg-TCG-1	10	16	msrseq	3	[1.56031635 1.89808531 1.7975398 ]	True	1.7519804847344094
Homo_sapiens_mito_tRNA-Arg-TCG-1	16	26	msrseq	3	[0.49186432 0.90607168 0.83345695]	True	0.743797651593085
Homo_sapiens_mito_tRNA-Arg-TCG-1	17	26	msrseq	2	[-1.2373585  -0.59338369]	True	-0.9153710931153279
Homo_sapiens_mito_tRNA-Arg-TCG-1	10	26	msrseq	1	[1.07615209]	True	1.076152092656173
Homo_sapiens_mito_tRNA-Arg-TCG-1	9	26	dmseq-untreated	1	[0.17305979]	True	0.1730597948796077
Homo_sapiens_tRNA-Gly-TCC-1	6	58	quantm	1	[0.21887021]	True	0.21887020588767303
Homo_sapiens_tRNA-Gly-TCC-1	6	58	msrseq	3	[0.7646781  0.73456035 0.71414691]	True	0.7377951208398597
Homo_sapiens_tRNA-Gly-TCC-1	6	58	dmseq-alkb	1	[-0.40424881]	True	-0.4042488074552317
Homo_sapiens_tRNA-Met-CAT-6	19	23	quantm	2	[6.27320692 6.57342443]	True	6.423315675472085
Homo_sapiens_tRNA-Met-CAT-6	19	24	quantm	2	[6.37450368 6.63469994]	True	6.504601811126024
Homo_sapiens_tRNA-Met-CAT-6	19	25	quantm	2	[6.27320692 6.58852912]	True	6.430868018816646
Homo_sapiens_tRNA-Met-CAT-6	19	26	quantm	1	[2.93606969]	True	2.936069692202552
Homo_sapiens_tRNA-Met-CAT-6	23	24	quantm	2	[11.96449129 12.30406012]	True	12.13427570537803
Homo_sapiens_tRNA-Met-CAT-6	23	25	quantm	2	[ 9.6329851  10.88582445]	True	10.259404775254396
Homo_sapiens_tRNA-Met-CAT-6	23	26	quantm	2	[4.04393466 2.17584984]	True	3.109892248867298
Homo_sapiens_tRNA-Met-CAT-6	24	25	quantm	2	[12.82496371 14.32499209]	True	13.574977901694872
Homo_sapiens_tRNA-Met-CAT-6	24	26	quantm	1	[2.82377042]	True	2.823770421703479
Homo_sapiens_tRNA-Met-CAT-6	25	26	quantm	1	[2.61797756]	True	2.617977557949119
Homo_sapiens_tRNA-Met-CAT-6	6	19	msrseq	1	[-3.17493923]	True	-3.1749392266589047
Homo_sapiens_tRNA-Met-CAT-6	6	23	msrseq	1	[-3.64814167]	True	-3.6481416664209103
Homo_sapiens_tRNA-Met-CAT-6	6	58	msrseq	1	[2.07274405]	True	2.0727440498993817
Homo_sapiens_tRNA-Met-CAT-6	19	23	msrseq	3	[6.3172458  6.61811207 7.05751611]	True	6.664291325756767
Homo_sapiens_tRNA-Met-CAT-6	19	24	msrseq	3	[6.52959028 6.73398426 7.22308795]	True	6.828887497029374
Homo_sapiens_tRNA-Met-CAT-6	19	25	msrseq	3	[6.43271546 6.66540278 7.1782641 ]	True	6.758794115778977
Homo_sapiens_tRNA-Met-CAT-6	19	26	msrseq	2	[3.96239056 2.39585499]	True	3.1791227758347587
Homo_sapiens_tRNA-Met-CAT-6	23	24	msrseq	3	[15.17719857 13.706289   16.30960497]	True	15.064364177309061
Homo_sapiens_tRNA-Met-CAT-6	23	25	msrseq	3	[11.95770005 12.78817579 13.6411486 ]	True	12.795674814408628
Homo_sapiens_tRNA-Met-CAT-6	23	26	msrseq	3	[3.77793864 4.59852373 6.2510447 ]	True	4.875835691111598
Homo_sapiens_tRNA-Met-CAT-6	24	25	msrseq	3	[18.46527308 15.4088708  17.07356499]	True	16.982569620961574
Homo_sapiens_tRNA-Met-CAT-6	24	58	msrseq	1	[0.94208123]	True	0.942081232508165
Homo_sapiens_tRNA-Met-CAT-6	25	26	msrseq	2	[4.73927518 6.53101497]	True	5.635145071916
Homo_sapiens_tRNA-Met-CAT-6	25	58	msrseq	1	[0.89897059]	True	0.8989705946538981
Homo_sapiens_tRNA-Met-CAT-6	24	26	msrseq	1	[4.91678951]	True	4.916789511792863
Homo_sapiens_tRNA-Met-CAT-6	26	58	msrseq	1	[0.68221277]	True	0.6822127738680668
Homo_sapiens_tRNA-Met-CAT-6	6	25	msrseq	1	[-5.54796554]	True	-5.547965535261899
Homo_sapiens_tRNA-Met-CAT-6	26	58	dmseq-untreated	3	[1.90109442 2.67386876 1.78903729]	True	2.1213334913718374
Homo_sapiens_tRNA-Ile-AAT-4	26	58	quantm	1	[-3.18418846]	True	-3.184188459116368
Homo_sapiens_tRNA-Ile-AAT-4	26	58	msrseq	1	[-0.5401383]	True	-0.5401382985017507
Homo_sapiens_tRNA-Ile-AAT-4	26	58	dmseq-untreated	2	[1.2153433  1.42151506]	True	1.3184291838610216
Homo_sapiens_tRNA-Ala-CGC-3	20	25	quantm	2	[5.44655701 4.559464  ]	True	5.0030105065805905
Homo_sapiens_tRNA-Ala-CGC-3	20	26	quantm	2	[-1.14012422 -1.36923381]	True	-1.254679016787395
Homo_sapiens_tRNA-Ala-CGC-3	25	26	quantm	2	[-4.27926694 -4.74005702]	True	-4.509661981264955
Homo_sapiens_tRNA-Ala-CGC-3	25	58	quantm	1	[1.07652257]	True	1.0765225716688391
Homo_sapiens_tRNA-Ala-CGC-3	58	60	quantm	1	[0.63264404]	True	0.6326440441910808
Homo_sapiens_tRNA-Ala-CGC-3	20	23	msrseq	2	[8.50106845 7.4948596 ]	True	7.997964021589938
Homo_sapiens_tRNA-Ala-CGC-3	20	25	msrseq	3	[2.76254537 2.29454506 2.52004949]	True	2.5257133033062034
Homo_sapiens_tRNA-Ala-CGC-3	20	26	msrseq	3	[0.48940889 0.34090213 0.53034131]	True	0.45355077512510716
Homo_sapiens_tRNA-Ala-CGC-3	23	24	msrseq	3	[17.21464145 16.38311334 19.14221677]	True	17.579990521048074
Homo_sapiens_tRNA-Ala-CGC-3	23	25	msrseq	3	[8.05362295 8.19698154 9.26919594]	True	8.506600142248274
Homo_sapiens_tRNA-Ala-CGC-3	23	26	msrseq	3	[6.10179306 6.44718458 7.23078883]	True	6.59325548868926
Homo_sapiens_tRNA-Ala-CGC-3	24	25	msrseq	2	[9.99078533 9.46352146]	True	9.72715339363544
Homo_sapiens_tRNA-Ala-CGC-3	24	58	msrseq	1	[-0.45532371]	True	-0.45532371066969396
Homo_sapiens_tRNA-Ala-CGC-3	25	26	msrseq	3	[-0.630811   -0.88244636 -0.7088466 ]	True	-0.7407013190358608
Homo_sapiens_tRNA-Ala-CGC-3	26	37	msrseq	1	[-0.26626392]	True	-0.2662639225523017
Homo_sapiens_tRNA-Ala-CGC-3	20	24	msrseq	1	[7.4737155]	True	7.473715499699946
Homo_sapiens_tRNA-Ala-CGC-3	20	58	msrseq	2	[0.42034946 0.47783654]	True	0.44909300384902096
Homo_sapiens_tRNA-Ala-CGC-3	24	26	msrseq	1	[9.77741674]	True	9.777416735616248
Homo_sapiens_tRNA-Ala-CGC-3	20	37	msrseq	1	[0.56501037]	True	0.5650103749909953
Homo_sapiens_tRNA-Ala-CGC-3	26	58	msrseq	1	[-0.41657931]	True	-0.41657931404433624
Homo_sapiens_tRNA-Ala-CGC-3	26	58	dmseq-untreated	3	[3.33786964 2.90000421 3.28774616]	True	3.17520666937007
Homo_sapiens_tRNA-Ala-CGC-3	37	58	dmseq-untreated	2	[-1.15791724 -2.17496424]	True	-1.6664407412529298
Homo_sapiens_tRNA-Ala-CGC-3	26	37	dmseq-untreated	2	[-2.33786964 -1.71488588]	True	-2.0263777616793117
Homo_sapiens_tRNA-Ala-CGC-3	20	26	dmseq-untreated	1	[1.54592559]	True	1.5459255915322099
Homo_sapiens_tRNA-Ala-CGC-3	20	58	dmseq-untreated	1	[1.39663083]	True	1.396630831621227
Homo_sapiens_tRNA-Ala-CGC-3	20	37	dmseq-alkb	1	[1.27209121]	True	1.2720912131484257
Homo_sapiens_tRNA-Arg-TCT-2	32	34	quantm	2	[-2.97687009 -3.64588603]	True	-3.3113780565084054
Homo_sapiens_tRNA-Arg-TCT-2	32	58	msrseq	1	[0.87234723]	True	0.8723472318482012
Homo_sapiens_tRNA-Arg-TCT-2	32	34	dmseq-untreated	3	[-1.62482523 -1.28651947 -1.47452314]	True	-1.4619559489552276
Homo_sapiens_tRNA-Arg-TCT-2	32	58	dmseq-untreated	1	[0.83125705]	True	0.8312570510948422
Homo_sapiens_tRNA-Arg-TCT-2	9	34	dmseq-alkb	1	[-0.28748641]	True	-0.2874864093364465
Homo_sapiens_tRNA-Lys-TTT-3	37	58	mimseq	1	[0.20500798]	True	0.2050079810067069
Homo_sapiens_tRNA-Lys-TTT-3	37	58	msrseq	2	[0.22781967 0.20287378]	True	0.21534672292821516
Homo_sapiens_tRNA-Lys-TTT-3	37	58	dmseq-untreated	1	[0.3854134]	True	0.38541339936453367
Homo_sapiens_tRNA-Val-CAC-1	26	58	msrseq	1	[0.16107432]	True	0.16107432127128649
Homo_sapiens_tRNA-Ser-GCT-3	26	32	quantm	1	[2.80062965]	True	2.8006296504421435
Homo_sapiens_tRNA-Ser-GCT-3	26	32	msrseq	3	[2.19586916 2.67051319 1.84607276]	True	2.237485037116799
Homo_sapiens_tRNA-Ser-GCT-3	26	58	msrseq	1	[0.69360845]	True	0.6936084496288004
Homo_sapiens_tRNA-Ser-GCT-3	26	32	dmseq-untreated	3	[3.4614462  3.58456817 3.48272082]	True	3.5095783972976675
Homo_sapiens_tRNA-Ser-GCT-3	26	58	dmseq-untreated	3	[2.26943359 1.66479052 1.87187107]	True	1.935365057034993
Homo_sapiens_tRNA-Ser-GCT-3	32	58	dmseq-untreated	3	[0.45311106 0.41788997 0.23157749]	True	0.3675261763098487
Homo_sapiens_tRNA-Gly-CCC-1	6	46	msrseq	1	[-2.22963125]	True	-2.22963124756658
Homo_sapiens_tRNA-Gly-CCC-1	6	57	msrseq	1	[-2.19223386]	True	-2.1922338563642105
Homo_sapiens_tRNA-Gly-CCC-1	6	58	msrseq	1	[-0.94742485]	True	-0.9474248479592371
Homo_sapiens_tRNA-Gly-CCC-1	39	46	msrseq	3	[-2.38382421 -2.41700591 -3.40170345]	True	-2.7341778542366746
Homo_sapiens_tRNA-Gly-CCC-1	39	57	msrseq	3	[-2.62217234 -2.41173892 -3.3729042 ]	True	-2.8022718209621202
Homo_sapiens_tRNA-Gly-CCC-1	46	57	msrseq	3	[14.58922687 14.5906515  13.67104342]	True	14.283640597592147
Homo_sapiens_tRNA-Gly-CCC-1	57	58	msrseq	1	[2.26039723]	True	2.260397226287475
Homo_sapiens_tRNA-Gly-CCC-1	46	58	msrseq	1	[-1.27605317]	True	-1.276053167174915
Homo_sapiens_tRNA-Met-CAT-1	6	58	msrseq	1	[-0.91677182]	True	-0.9167718234635607
Homo_sapiens_tRNA-Met-CAT-1	26	58	dmseq-untreated	2	[1.80507758 1.30513671]	True	1.5551071475153977
Homo_sapiens_mito_tRNA-Met-CAT-1	7	31	msrseq	3	[-2.16819561 -2.10629393 -1.52644963]	True	-1.933646388344183
Homo_sapiens_mito_tRNA-Met-CAT-1	49	53	msrseq	3	[-3.77763294 -2.66392692 -1.77236022]	True	-2.737973361716442
Homo_sapiens_mito_tRNA-Met-CAT-1	16	31	msrseq	1	[-1.16155368]	True	-1.1615536846058576
Homo_sapiens_mito_tRNA-Met-CAT-1	16	49	msrseq	1	[0.95370136]	True	0.9537013634321396
Homo_sapiens_mito_tRNA-Met-CAT-1	16	53	msrseq	1	[-0.97702191]	True	-0.9770219085632883
Homo_sapiens_mito_tRNA-Met-CAT-1	31	53	msrseq	1	[0.46653889]	True	0.4665388910280423
Homo_sapiens_mito_tRNA-Met-CAT-1	7	53	msrseq	1	[-0.63475028]	True	-0.6347502835287682
Homo_sapiens_mito_tRNA-Met-CAT-1	31	49	msrseq	1	[-0.36252424]	True	-0.3625242390777693
Homo_sapiens_mito_tRNA-Lys-TTT-1	39	58	msrseq	3	[-0.55993867 -0.52059953 -0.43997988]	True	-0.5068393615929353
Homo_sapiens_mito_tRNA-Lys-TTT-1	9	39	msrseq	1	[-1.14619754]	True	-1.1461975423452395
Homo_sapiens_mito_tRNA-Lys-TTT-1	9	58	dmseq-untreated	1	[0.149193]	True	0.14919300103039457
Homo_sapiens_mito_tRNA-Gly-TCC-1	46	51	msrseq	1	[1.86923612]	True	1.869236122354021
Homo_sapiens_mito_tRNA-Glu-TTC-1	9	34	msrseq	3	[0.78177238 1.03903585 0.66090329]	True	0.8272371747667232
Homo_sapiens_mito_tRNA-Glu-TTC-1	9	52	msrseq	2	[-0.41315232 -0.58865871]	True	-0.5009055153534052
Homo_sapiens_mito_tRNA-Glu-TTC-1	34	52	msrseq	1	[0.21497167]	True	0.21497167499861394
Homo_sapiens_mito_tRNA-Glu-TTC-1	9	34	dmseq-untreated	3	[0.35395539 0.32775312 0.43374652]	True	0.37181834353197574
Homo_sapiens_tRNA-Arg-CCT-1	9	58	mimseq	1	[0.31393455]	True	0.3139345536518578
Homo_sapiens_tRNA-Arg-CCT-1	32	58	msrseq	1	[1.37864524]	True	1.3786452432446459
Homo_sapiens_tRNA-Arg-CCT-1	32	58	dmseq-untreated	2	[0.46032283 0.6429301 ]	True	0.5516264667741959
Homo_sapiens_tRNA-Arg-CCT-1	9	24	dmseq-alkb	1	[-1.26544022]	True	-1.265440219889075
Homo_sapiens_tRNA-Leu-TAA-3	26	37	dmseq-untreated	3	[1.70310496 2.2464902  2.23725038]	True	2.0622818477048015
Homo_sapiens_tRNA-Leu-TAA-3	37	58	dmseq-untreated	2	[0.30563804 0.39200053]	True	0.34881928259385264
Homo_sapiens_tRNA-Leu-TAA-3	26	58	dmseq-untreated	1	[2.30638889]	True	2.306388894794236
Homo_sapiens_tRNA-Leu-TAA-3	26	37	dmseq-alkb	1	[0.80114093]	True	0.8011409328953734
Homo_sapiens_tRNA-Leu-AAG-2	37	58	mimseq	1	[-0.19189968]	True	-0.19189968373849597
Homo_sapiens_tRNA-Leu-AAG-2	26	58	dmseq-untreated	3	[2.03743755 2.04669965 1.94631367]	True	2.010150289960839
Homo_sapiens_tRNA-Leu-AAG-2	37	58	dmseq-untreated	3	[0.20372208 0.24967975 0.19540716]	True	0.21626966489337376
Homo_sapiens_tRNA-Leu-AAG-2	26	37	dmseq-untreated	1	[1.21590352]	True	1.2159035151529258
Homo_sapiens_mito_tRNA-Ile-GAT-1	9	26	msrseq	1	[-0.75122571]	True	-0.7512257142873038
Homo_sapiens_mito_tRNA-Ile-GAT-1	9	26	dmseq-untreated	3	[0.31387865 0.42706183 0.30858052]	True	0.34984033578892126
Homo_sapiens_mito_tRNA-Tyr-GTA-1	9	37	msrseq	2	[0.68945694 0.53573764]	True	0.6125972909697048
Homo_sapiens_mito_tRNA-Tyr-GTA-1	15	18	msrseq	1	[-3.15781181]	True	-3.1578118146000955
Homo_sapiens_mito_tRNA-Tyr-GTA-1	29	32	dmseq-untreated	1	[-3.52501996]	True	-3.525019960264875
Homo_sapiens_mito_tRNA-Tyr-GTA-1	32	37	dmseq-untreated	1	[-2.38645217]	True	-2.386452173280192
Homo_sapiens_tRNA-iMet-CAT-1	9	58	dmseq-untreated	3	[0.42406788 0.3685951  0.45445203]	True	0.41570500390386567
Homo_sapiens_mito_tRNA-His-GTG-1	9	36	msrseq	2	[-0.82519475 -0.94417224]	True	-0.884683496565287
Homo_sapiens_tRNA-Gly-GCC-2	39	58	msrseq	2	[-0.54496731 -0.52184538]	True	-0.5334063473917604
Homo_sapiens_tRNA-Gly-GCC-1	39	58	msrseq	1	[-0.31607697]	True	-0.316076971862924
